url,img_url,title,content,reporter
http://www.mediwelfare.com/news/articleView.html?idxno=3742,http://www.mediwelfare.com/news/photo/202401/3742_4896_5829.png,"의협, '간병 급여화' 건보법 개정 에둘러 반대","대한의사협회가 간병을 건강보험 요양급여에 포함시킨 건강보험법 개정안에 부정적인 입장을 표명하고 나섰다.대한의사협회는 5일 정례브리핑을 통해 더불어민주당 서영교 의원이 대표 발의한 건강보험법 일부 개정안에 대한 의견을 이날 국회에 제출할 예정이라고 밝혔다. 서영교 의원이 대표 발의한 건강보험법 개정안은 건강보험 요양급여 대상에 '간병'을 포함하고, 저소득층이 간병 요양급여를 받을 경우 본인부담금을 면제받을 수 있도록 해 안정적인 간병 서비스를 제공하고, 국민들의 의료비 부담을 경감하도록 했다. 이에 대해 의협은 건강보험",의료계 | 안창욱 기자 | 2024-01-08 06:50
http://www.mediwelfare.com/news/articleView.html?idxno=3577,http://www.mediwelfare.com/news/photo/202308/3577_4598_5245.png,"지역노인 통합돌봄, 요양병원 빼고 의원 독점?","최근 최영희 의원이 '노인 돌봄 등 통합지원 법안'을 대표 발의하자 대한의사협회가 지역사회 일차의료기관과 연계한 '노인 의료‧돌봄 연계 모델'을 만들어야 한다는 의견을 국회에 제출했다. 이는 요양병원이 퇴원환자에 대한 방문진료, 방문재활을 할 수 있도록 해야 한다는 대한요양병원협회의 입장과 상충되는 것이다. 대한의사협회는 최근 최영희 의원이 대표 발의한 ‘노인 돌봄 등 통합지원 법률안’에 대한 의견을 10일 국회에 제출했다고 밝혔다. '노인 돌봄 등 통합지원 법률안'은 2025년 초고령사회",의료계 | 안창욱 기자 | 2023-08-14 07:52
http://www.mediwelfare.com/news/articleView.html?idxno=3560,http://www.mediwelfare.com/news/photo/202307/3560_4554_5040.jpg,"의협 ""적정 병상수급시책 조속히 시행하라""","대한의사협회는 대학병원들이 경쟁적으로 분원을 설립하면서 병상 과잉 공급, 무분별한 의료인력 흡수 등의 부작용이 발생하고 있다며 병상수급 기본시책을 조속히 시행하라고 촉구하고 나섰다.대한의사협회 이필수 회장은 28일 긴급 기자회견을 열어 지역의료 불균형을 해소하고, 의료자원의 효율적 활용을 위해 적정 병상수급 시책을 마련하라고 정부에 요구했다. 이필수 회장은 ""수요에 비해 병상이 과잉 공급되고 있는 상황에서도 수도권에서만 9개 대학병원이 11개 분원을 설립중이어서 2028년 수도권에 6,000병상 이상이 증가할 것으로 예상되고, 이로",의료계 | 안창욱 기자 | 2023-07-31 07:48
http://www.mediwelfare.com/news/articleView.html?idxno=3488,http://www.mediwelfare.com/news/photo/202305/3488_4422_3054.jpg,"""내년 수가에 최저임금, 물가 인상 반영하라""","건강보험공단과 의약계 단체의 2024년도 수가 협상과 관련, 대한의사협회는 매년 건강보험 재정 지출을 2% 대로 통제하는 방식에서 탈피해 물가, 임금 등 5%대의 사회적 인상요인을 반영하라고 촉구했다. 대한의사협회는 24일 2024년도 수가 협상과 관련해 건강보험공단에 이 같이 제안했다. 건강보험공단 재정운영위원회는 매년 의사협회, 병원협회, 치과의사협회, 한의사협회, 약사회, 조산협회 등과 다음 해 수가 협상을 할 때 보험재정 지출 규모를 의미하는 '밴딩'을 설정하고, 해당 범위 안에서 각 단체와 수가 인상률 협상을",의료계 | 안창욱 기자 | 2023-05-25 07:29
http://www.mediwelfare.com/news/articleView.html?idxno=3378,http://www.mediwelfare.com/news/photo/202302/3378_4228_2851.jpg,"의협, 간호법·의사면허취소법 비대위 구성","대한의사협회는 국회 법제사법위원회를 거치지 않고 본회의에 패스트트랙으로 상정된 간호법 제정안과 의사면허취소법(의료법 개정안)의 국회 통과를 저지하기 위해 비상대책위원회를 구성하고, 26일 총궐기대회를 개최한다. 대한의사협회 대의원회는 18일 임시대의원총회를 열어 간호법·의사면허취소법 관련 비상대책위원회를 구성하기로 의결했다. 비대위 구성 대의원 표결에서는 찬성 99명, 반대 68명, 기권 4명으로 집계됐다. 의료계는 국회 보건복지위원회가 지난 9일 법제사법위원회에 계류된 간호법 제정안, 의사면허취소법 등 7개 법안을 신속처리안건(패",의료계 | 안창욱 기자 | 2023-02-20 07:26
http://www.mediwelfare.com/news/articleView.html?idxno=3373,http://www.mediwelfare.com/news/photo/202302/3373_4221_356.png,"의협, 의료와 돌봄 통합제공 '요양의원' 제안","대한의사협회 의료정책연구소(소장 우봉식)가 초고령사회 진입에 대비해 일차의료기관인 '요양의원'을 신설해 의료와 돌봄이 필요한 노인들에게 입소(입원) 서비스를 제공하는 방안을 제안하고 나섰다. 의료정책연구소는 13일 '초고령사회 대비 일차의료 중심의 의료돌봄 통합체계 연구' 보고서를 발간했다. 의료정책연구소는 연구보고서를 통해 ""우리나라 커뮤니티 케어 정책은 돌봄·방문진료·생활지원을 통합하려는 다차원적 접근을 하고 있다는 점에서는 바람직하지만 주로 복지를 중심으로 하고, 의료가 배제돼 있다는 점에 한계가",의료계 | 안창욱 기자 | 2023-02-14 07:42
http://www.mediwelfare.com/news/articleView.html?idxno=3352,http://www.mediwelfare.com/news/photo/202301/3352_4192_2559.jpg,"""적정성평가 실효성 검증, 전면 재검토 필요""","대한의사협회는 심평원이 의료기관의 적정성평가 자료를 검증하고, 평가 과정에서 허위자료를 제출한 의료기관의 가산금액을 환수하거나 추가 감산하도록 한 '적정성평가 고시 개정안'에 대해 적정성평가가 과연 의료의 질 향상에 기여하고 있는지부터 검증하고, 전면 재검토가 필요하다고 꼬집었다. 대한의사협회는 19일 정례브리핑을 통해 '요양급여의 적정성평가 및 요양급여비용의 가감지급 기준' 고시 개정안에 대해 이 같은 의견을 보건복지부에 제출할 예정이라고 밝혔다. '요양급여의 적정성평가 및 요양급여비용의 가감지",의료계 | 안창욱 기자 | 2023-01-20 07:18
http://www.mediwelfare.com/news/articleView.html?idxno=3323,http://www.mediwelfare.com/news/photo/202212/3323_4153_5321.jpg,"""건보 지속가능성 위해 국고지원 토대 마련""","대한의사협회는 정부가 이달 말 종료되는 건강보험 국고지원 일몰제를 앞으로 5년 추가 연장한 것과 관련해 재정 지속가능성과 재정건전성을 위해 국회가 관련 법을 조속히 개정하라고 촉구했다. 의협은 26일 ""최근 보건복지부와 기획재정부가 이달 말로 종료 예정인 건강보험 국고지원을 5년 추가 연장하기로 합의했지만 실제 국고지원 비율은 100분의 14 정도 수준이어서 법정 지원기준을 준수하지 못하고 있을 뿐만 아니라 국고지원 미지급금 규모도 32조원에 달한다""고 지적했다. 건강보험 국고지원은 건강보험법, 건강증진법에 따라 건강보험료 예상수입",의료계 | 안창욱 기자 | 2022-12-27 06:50
http://www.mediwelfare.com/news/articleView.html?idxno=3264,http://www.mediwelfare.com/news/photo/202211/3264_4074_333.png,"간호사 구하기 힘든데 한쪽에선 ""정원 강화""","지방 중소병원을 중심으로 간호사 구인난이 심각한 상황이지만 법정 간호사 정원 기준을 강화하고, 기준에 미달하는 의료기관에 대한 행정처분을 강화해야 한다는 주장도 만만치 않게 제기되고 있다. 간호와 돌봄을 바꾸는 시민행동, 대한간호협회, 전국보건의료노조가 공동 주관하고, 더불어민주당 서영석 의원, 국민의힘 최연숙 의원, 정의당 강은미 의원이 공동주최한 ‘법정의료인력기준 개선과 불법의료기관 근절을 위한 국민동의청원 국회토론회’가 8일 국회 의원회관에서 열었다. 이날 정의당 강은미 의원은 ""무분별한 병상 증설과 의대 정원 동결로 의사 인",의료계 | 안창욱 기자 | 2022-11-09 08:00
http://www.mediwelfare.com/news/articleView.html?idxno=3185,http://www.mediwelfare.com/news/photo/202208/3185_3965_3746.jpg,"""건강보험 재정 국고지원 일몰제 폐지하라""","대한의사협회는 건강보험 재정의 지속 가능성을 보장하기 위해 국고 지원 일몰제를 폐지하라고 촉구했다. 대한의사협회는 18일 ""정부의 보장성 강화정책으로 인해 건강보험 재정이 2018년 3조 8,954억원, 2019년 2조 8,243억원의 적자를 기록했다”면서 “현재 약 20조원에 이르는 건보 누적 적립금이 향후 수년 안에 소진될 것이라는 전망까지 나오고 있다”고 지적했다. 정부의 건강보험 재정 국고 미지급액이 급증하고 있는 것도 문제다. 정부는 건강보험법과 건강증진법에 따라 건강보험료 예상수입액의 20/100에 상당하는 금액을 국고에",의료계 | 안창욱 기자 | 2022-08-19 07:37
http://www.mediwelfare.com/news/articleView.html?idxno=3130,http://www.mediwelfare.com/news/photo/202206/3130_3888_3133.jpg,"""의사 조력존엄사 허용법안 자살 조장 우려""",한국호스피스·완화의료학회(이사장 이경희)는 의사의 조력 존엄사를 허용하는 내용을 담은 '연명의료결정법 개정안'이 발의된 것에 대해 자살을 조장하는 법안이라고 강하게 반발했다. 한국호스피스·완화의료학회는 최근 더불어민주당 안규백 의원이 대표 발의한 ‘호스피스 완화의료 및 임종 과정에 있는 환자의 연명의료결정에 관한 법률 개정안’에 대해 이같은 입장을 표명했다. 안규백 의원의 연명의료결정법 개정안은 회복 불가능한 말기환자가 원할 경우 의사의 도움을 받아 스스로 삶을 마감할 수 있도록 하는 내용을 담고 있다.이에 대해 학회,의료계 | 안창욱 기자 | 2022-06-24 07:31
http://www.mediwelfare.com/news/articleView.html?idxno=3126,http://www.mediwelfare.com/news/photo/202206/3126_3878_3713.jpg,"""병원 직원·가족 본인부담 자의적 감면 위험""",의료기관이 직원과 그 가족의 건강보험급여 항목을 포함한 본인부담금을 감면한 것에 대해 대법원이 의료법 위반이 아니라고 판단했다고 하더라도 본인부담금 할인 대상과 범위를 정할 때 신중해야 한다는 지적이다. 법무법인 우리누리 김무한 변호사는 최근 법인 뉴스레터에 '병원 직원 및 가족에 대한 본인부담금 감면'을 주제로 기고했다. 대법원은 최근 의료기관이 소속 직원과 가족들의 건강보험급여 항목을 포함한 본인부담금을 감면했다고 하더라도 의료법 위반에 해당하지 않는다는 취지의 무죄판결을 내린 바 있다. 해당 의료기관 원장과 행정,의료계 | 안창욱 기자 | 2022-06-21 07:30
http://www.mediwelfare.com/news/articleView.html?idxno=3116,http://www.mediwelfare.com/news/photo/202206/3116_3863_4748.jpg,"의협 ""요양시설 내 전문요양실 즉각 폐기""","대한의사협회는 건강보험공단이 노인요양시설 내 전문요양실 시범사업을 연장‧확대한 것과 관련해 의사의 지도‧감독 없이 간호사가 단독 무면허 의료행위를 하는 것이 명백한 만큼 시범사업을 즉각 폐기하라고 촉구하고 나섰다. 대한의사협회는 12일 성명서를 통해 보건복지부와 건강보험공단이 불법-무면허 의료행위를 조장하고 있다며 노인요양시설 내 전문요양실 시범사업을 폐기하라고 요구했다. 노인요양시설은 노인복지법에 따른 급식‧요양서비스를 제공하는 노인의료복지시설로 의료기관이 아니며, 대다수 의사가 상주하지 않고 촉탁의가 방문 관리하고 있다. 전문요",의료계 | 안창욱 기자 | 2022-06-13 06:38
http://www.mediwelfare.com/news/articleView.html?idxno=3114,http://www.mediwelfare.com/news/photo/202206/3114_3861_4247.jpg,"""요양시설 내 전문요양실 불법의료 중단하라""","대한개원의협의회(회장 김동석)는 건강보험공단이 불법 의료행위를 조장하는 노인요양시설 내 전문요양실 시범사업을 시행하고 있다며 즉각 중단하라고 촉구하고 나섰다. 대한개원의협의회는 최근 성명을 통해 ""노인요양시설 내 전문요양실 시범사업은 환자 안전을 위협하는 불법 의료행위""라면서 시범사업을 폐기할 것을 보건복지부에 요구했다.노인요양시설 내 전문요양실 시범사업은 장기요양 1~4등급 요양시설 입소자를 대상으로 '상근하는 의사 없이' 간호사 또는 간호조무사가 영양, 배설, 호흡, 상처 관리 등 전문적인 간호서비스를 제공하는 사",의료계 | 안창욱 기자 | 2022-06-09 06:38
http://www.mediwelfare.com/news/articleView.html?idxno=3065,http://www.mediwelfare.com/news/photo/202204/3065_3772_3130.jpg,"의협 ""마스크 해제 시기상조, 재유행 대비""","대한의사협회는 정부의 사회적 거리두기 완화와 관련해 코로나19가 종식되지 않은 만큼 재유행에 대비해야 하며, 마스크 착용을 해제하는 것은 시기상조라고 지적했다. 대한의사협회 코로나19대책전문위원회는 26일 정부의 사회적 거리두기 완화에 대한 대국민 권고를 발표했다. 의협은 ""지난 15일 정부가 사회적 거리두기 완화 방안을 포함한 코로나19 대응 계획을 선언적으로 발표했지만 이것이 결코 코로나19의 종식을 의미하는 것이 아니다""면서 ""아직 국내에서는 코로나19 확진자가 수 만명씩 발생하고 있어 여전히 고위험군에서는 위협적인 바이러스""",의료계 | 안창욱 기자 | 2022-04-27 06:14
http://www.mediwelfare.com/news/articleView.html?idxno=2884,http://www.mediwelfare.com/news/photo/202111/2884_3526_1913.jpg,"의협 ""코로나19 극복 위해 추가접종 권고""","대한의사협회는 코로나19 위기 극복을 위해 백신 추가접종을 받을 것을 권고하고 나섰다. 대한의사협회 코로나19대책전문위원회는 24일 코로나19 부스터샷 접종 권고문을 발표했다. 의협 코로나19대책전문위원회는 “표준 예방접종도 여러 번 접종하는 경우가 있다”면서 “A형간염은 2회를 예방접종하며, B형간염은 3회, 디프테리아, 파상풍, 백일해은 5회나 예방접종한다”면서 “더 많은 연구가 필요하지만 현재까지 알려진 사실만으로도 고위험군에서는 코로나19 예방접종을 하는 것이 더 도움이 된다고 권고한다”고 밝혔다. 또 의협은 “국내에서 백신",의료계 | 안창욱 기자 | 2021-11-25 08:18
http://www.mediwelfare.com/news/articleView.html?idxno=2855,http://www.mediwelfare.com/news/photo/202111/2855_3488_2334.jpg,"""암환자 항암비 폭탄, 심평원은 각성하라""",한국암환자권익협의회(대표 김성주)는 심평원이 항암제를 포괄수가제에서 제외하는 신포괄수가제 개악 시도를 하고 있다며 강하게 반발하고 나섰다. 한국암환자권익협의회와 암환자들은 3일 서울 서포구 심평원 별관 앞에서 시위를 벌였다. 한국암환자권익협의회 김성주 대표는 “심평원의 신포괄수가제 개정 예고 대로라면 항암제가 포괄수가제에서 제외된다”면서 “이럴 경우 수 많은 암환자들의 약제비 부담이 급격이 늘어날 것”이라고 지적했다. 김 대표는 “신포괄수가제 개정은 개선이 아닌 개악”이라며 “사회적 최약자인 암환자들에게 치료 포기를 종용하는 것과,의료계 | 안창욱 기자 | 2021-11-04 07:24
http://www.mediwelfare.com/news/articleView.html?idxno=2679,http://www.mediwelfare.com/news/photo/202106/2679_3270_5031.jpg,"의협 ""진료비 선지급금 상환기간 늘려달라""","대한의사협회는 코로나19로 인한 의료기관의 경영난을 덜어주기 위해 시행하고 있는 요양급여비용 선지급과 관련해 상환기간을 3개월에서 6개월로 확대해 달라고 요청했다. 대한의사협회는 10일 정례 브리핑에서 보건복지부와 건강보험공단에 선지급금 상환기간을 확대해 줄 것을 건의했다고 밝혔다. 보건복지부와 건강보험공단은 코로나19 상황 장기화로 인해 의료기관들이 경영상 어려움을 겪자 이를 해소하고 방역에 전념할 수 있도록 하기 위해 건강보험 요양급여비용 선지급 특례 지원을 두 차례에 걸쳐 시행한 바 있다. 이와 관련 의사협회는 ""최근에는 코로",의료계 | 안창욱 기자 | 2021-06-11 06:47
http://www.mediwelfare.com/news/articleView.html?idxno=2638,http://www.mediwelfare.com/news/photo/202105/2638_3223_2856.jpg,"의료단체 ""비급여 진료비 신고 의무화 중단""","대한의사협회, 대한병원협회 등 의료단체들은 비급여 진료비용 신고 의무화로 인해 환자의 민감한 개인정보가 노출될 우려가 있다며 제도 전면 중단을 촉구하고 나섰다. 대한의사협회, 대한병원협회, 대한치과의사협회, 대한한의사협회는 4일 '비급여 진료비용 신고 의무화 정책 재고 촉구' 기자회견을 열었다. 지난 해 정부는 비급여 진료비용 등의 현황조사 관련 법령을 개정해 올해부터 모든 의료기관의 비급여 진료비용을 보고하도록 의무화 시켰다. 정부에 따르면 공개대상기관이 지난 해 병원급 3,925곳에서 올해에는 의원급을 포함한 6만",의료계 | 안창욱 기자 | 2021-05-06 07:24
http://www.mediwelfare.com/news/articleView.html?idxno=2600,http://www.mediwelfare.com/news/photo/202104/2600_3196_2319.jpg,"시민단체, 간병인에게 석션 등 시킨 병원 고발","시민단체들이 간병인에게 석션(가래뽑기) 등의 의료행위를 하도록 지시하거나 방조한 서울대병원 등 대형병원들을 의료법 위반으로 고발했다. 이들 시민단체는 간병 문제 해결을 위해 다양한 행동에 나설 방침이어서 주목된다. 간병시민연대, 건강세상네트워크, 전국장애인부모연대, 환자권익연구소, 건강정책참여연구소 등은 14일 서울대병원 앞에서 기자회견을 열었다.이들 시민단체는 국내 빅5 병원인 서울대병원, 서울아산병원, 세브란스병원, 서울삼성병원, 강남성모병원 등이 간병인들에게 불법 의료행위를 지시하거나 불법행위를 방조하고 있다며 의료법 위반으로",의료계 | 의료&복지뉴스 | 2021-04-15 07:21
http://www.mediwelfare.com/news/articleView.html?idxno=2452,http://www.mediwelfare.com/news/photo/202101/2452_3059_5611.jpg,"""코로나19 백신 접종 1순위는 요양병원""","대한의사협회가 코로나19 백신 접종 1순위로 노인 집단시설 생활자와 종사자를 권고해 요양병원 환자와 직원들이 우선적으로 백신을 접종할 가능성이 높아지고 있다.대한의사협회 코로나19 대책본부 전문위원회는 14일 ‘코로나19 백신 접종에 대한 권고안’을 마련해 보건복지부, 질병관리청, 국무총리 등에게 전달했다.의협 전문위원회는 백신 관련 모든 과정과 절차에 있어 의사협회와 함께 종합적이고 구체적이며 실무적인 문제를 단계별로 실행계획을 수립할 것을 권고하고, 정부시책에 적극 반영할 것을 요청했다. 특히 우선 접종 대상자로 ①노인 집단시설",의료계 | 안창욱 기자 | 2021-01-15 06:52
http://www.mediwelfare.com/news/articleView.html?idxno=2423,http://www.mediwelfare.com/news/photo/202012/2423_3027_1741.jpg,"""급여비용 선지급 6개월분 증액 필요""","대한의사협회는 건강보험공단이 코로나19 확산에 따른 의료기관의 경영난을 개선하기 위해 시행중인 요양급여비용 선지급과 관련, 선지급 규모를 1개월분에서 6개월분으로 확대할 것을 요청했다. 대한의사협회는 30일 기자 정례브리핑을 통해 건강보험 요양급여비용 선지급 추가 시행과 관련한 개선사항을 보건복지부에 요청했다고 밝혔다.건강보험공단은 지난 18일 의료기관이 코로나19 방역에 전할 수 있도록 요양급여비용 선지급 특례를 추가 시행한다고 밝힌 바 있다.요양급여비용 선지급 특례란 2019년 월 평균 공단부담금에 해당하는 급여비 1개월분을 상",의료계 | 안창욱 기자 | 2020-12-31 07:15
http://www.mediwelfare.com/news/articleView.html?idxno=2332,http://www.mediwelfare.com/news/photo/202011/2332_2939_1334.jpg,"간병시민연대 출범 ""정부가 해결하라""","'간병 문제 해결을 위한 시민연대'가 정식 출범했다.간병시민연대는 16일부터 3일간 온라인 창립총회를 열고 본격적인 활동에 들어갔다.간병시민연대 강주성 활동가는 18일 ""환자와 가족들이 고통 받고 있는 간병 문제를 풀어야겠다는 하나의 취지에 공감해 간병시민연대를 출범했다""고 밝혔다.강주성 활동가는 2000년대 초 백혈병환우회를 조직해 글리벡 약가인하를 이끌어냈고, 이후 의료시민단체인 건강세상네트워크를 창립해 식대 급여화, 선택진료비 폐지 등을 주도했다.간병시민연대는 특정 대표 없이 7명의 활동가가 참여하는 활동가회의와",의료계 | 안창욱 기자 | 2020-11-19 07:07
http://www.mediwelfare.com/news/articleView.html?idxno=2275,http://www.mediwelfare.com/news/photo/202010/2275_2878_4641.jpg,"의협 ""요양병원 CCTV 설치 의무화 반대""","대한요양병원협회에 이어 대한의사협회도 요양병원 CCTV 설치 의무화법안에 반대한다는 공식 입장을 표명했다.대한의사협회는 21일 상임이사회를 열어 박재호 의원이 대표 발의한 의료법 일부 개정안에 대해 반대한다는 의견을 보건복지부와 국회에 제출하기로 결정했다. 의료법 개정안은 요양병원 입원환자의 보호자에게 의약품 투여내역 등 진료 관련 사항을 주기적으로 고지하고, 요양병원 폐쇄회로 텔레비전(CCTV) 설치를 의무화하는 내용을 담고 있다.이에 대해 의사협회는 ""환자와 보호자의 불안감을 이유로 요양병원 내 CCTV 설치를 강제화하는 것은",의료계 | 안창욱 기자 | 2020-10-22 06:43
http://www.mediwelfare.com/news/articleView.html?idxno=2198,,"""암환자 생명 위협하는 의료파업 중단하라""",한국암환자권익협의회(대표 김성주)는 환자의 생명을 위협하는 의료파업을 중단하라고 촉구하고 나섰다.한국암환자권익협의회는 4일 서울대병원 앞에서 기자회견을 열어 “점입가경으로 치닫고 있는 의사단체의 파업은 고귀한 환자의 생명을 경시한 무책임한 단체행동”이라며 즉시 중단하라고 요구했다.김성주 대표는 “누가 의료인에게 암환자의 생명과 치료권을 마음대로 포기할 권리를 주었느냐”면서 “집단휴진하고 있는 의사들은 즉각 업무에 복귀해 환자와 그 가족들에게 치료권을 보장하라”고 밝혔다.,의료계 | 안창욱 기자 | 2020-09-07 11:25
http://www.mediwelfare.com/news/articleView.html?idxno=2115,http://www.mediwelfare.com/news/photo/202007/2115_2715_85.jpg,수술용마스크 공적판매 단가 80원 인상,공적 판매중인 수술용(덴탈 포함) 마스크 가격이 140원에서 220원으로 80원 인상됐다.대한병원협회는 14일 “수술용 마스크의 원자재 가격 상승 등으로 부득이 12일 생산 제품부터 인상된 가격으로 조달청과 생산업체간 조달 계약이 체결됐다”고 밝혔다.이에 따라 병협은 지난 13일부터 시작된 제18차 마스크 신청분부터 인상된 가격을 적용한다.한편 요양병원 전용 공동구매 쇼핑몰인 '메디공구(www.medi09.com)'는 24일까지 중국산 덴탈마스크를 시중 최저가 수준인 장당 115원에 판매하는 코로나19 위기 극복을 위,의료계 | 안창욱 기자 | 2020-07-15 07:08
http://www.mediwelfare.com/news/articleView.html?idxno=2003,,"코로나19 병원 56% ""월급 줄 돈도 없다""","코로나19 선별진료소 등을 운영하는 병원들이 매출 감소로 인해 이 달치 인건비를 걱정해야 할 정도로 상황이 심각하다. 대한병원협회는 최근 선별진료소나 국민안심병원을 운영중인 병원급 이상 의료기관 115곳을 대상으로 환자 감소에 따른 의료수입 변화와 향후 자금조달 계획을 묻는 설문조사를 실시하고, 15일 그 결과를 발표했다.설문조사 결과 55.7%가 5월부터 7월 사이 인건비 지급 능력이 부족하거나 없다고 응답했다.이들 병원은 자금 조달이 용이치 않을 경우 인건비 지급을 미루거나 분할 지급, 삭감, 반납, 유·무급 휴가 시행 등을 검",의료계 | 안창욱 기자 | 2020-05-15 15:50
http://www.mediwelfare.com/news/articleView.html?idxno=1973,http://www.mediwelfare.com/news/photo/202004/1973_2560_3934.jpg,진료중인 대학병원 의사 폭행 징역형,"대학병원에서 진료중인 의사를 폭행한 가해자들이 실형을 선고받아 법정 구속됐다. 대한의사협회는 ""의료인 폭행에 대한 처벌은 당연한 결과""라며 환영한다는 입장을 발표했다. 대전지방법원 천안지원은 최근 천안의 모 대학병원에서 진료중인 의사를 폭행한 피고인 2명에 대해 각각 징역 1년 6월, 징역 1년의 실형을 선고하고 법정구속했다. 또 한명의 피고인에 대해서는 집행유예 3년 및 보호관찰 명령, 사회봉사 80시간 명령이 내려졌다.피고인들은 지난해 12월 16일 천안 모 대학병원 진료실 안으로 무작정 들어와 진료 중이던 의사를 폭행해 상해를",의료계 | 안창욱 기자 | 2020-04-28 14:05
http://www.mediwelfare.com/news/articleView.html?idxno=1844,http://www.mediwelfare.com/news/photo/202003/1844_2448_1148.jpg,"의협 ""의료기관 마크스 최우선 공급하라""",대한의사협회는 의료기관에 마스크를 최우선적으로 공급할 수 있는 실질적인 대책 즉각 마련하라고 요구하고 나섰다.대한의사협회는 3일 성명서를 통해 “코로나19 방역에 있어 의료기관에서 마스크는 필수물자”라면서 “최근까지도 의료기관에서는 마스크를 구하지 못해 방역과 진료에 차질이 발생하고 있다”고 지적했다.지난달 26일 식약처는 마스크 긴급수급 조정조치를 발동해 마스크 생산업자가 당일 생산량의 50% 이상을 공적판매처로 신속하게 출고하겠다고 발표했다.의사협회도 식약처가 공적판매처로 지정한 상태다.이에 대해 의협은 “최근 정부가 공적판매처,의료계 | 안창욱 기자 | 2020-03-04 07:08
http://www.mediwelfare.com/news/articleView.html?idxno=1843,,"""헌혈 동참해 중증환자에게 희망을 주자""","한국암환자권익협의회(회장 김성주)는 코로나19 확산 이후 헌혈이 급감하면서 암환자들이 수술을 하지 못하는 상황에 직면했다며 헌혈에 동참해 달라고 촉구했다.한국암환자권익협의회 김성주 회장은 2일 성명서를 통해 ""지금 혈액암환자들이 부족한 혈액을 구하기 위해 보호자들이 주변 지인들에게 지정수혈을 절규하느라 전화통에 매달리고 있는 실정""이라고 강조했다.김 회장은 ""언론과 관계기관이 코로나바이러스라는 괴물에만 총력을 쏟고 있어 수혈과 같은 기본적인 치료조차 받지 못하고 있는 중증환자들이 목숨을 위협받고 있는 사태를 맞이하고 있다""고 지적했",의료계 | 안창욱 기자 | 2020-03-03 06:57
http://www.mediwelfare.com/news/articleView.html?idxno=1787,http://www.mediwelfare.com/news/photo/202002/1787_2419_1848.jpg,"""정부가 의료기관 감염관리비 지원하라""","대한의사협회는 감염병이 유행할 경우 정부가 의료기관의 감염관리를 위해 마스크, 장갑 등의 구입비용을 지원해야 한다고 촉구했다.대한의사협회는 12일 상임이사회를 열어 원유철 의원이 대표 발의한 '감염병 예방 및 관리법' 개정안에 대해 이 같은 의견을 제출하기로 의결했다.원유철 의원이 대표 발의한 감염병 예방 및 관리법 개정안은 감염병환자 등이 발생했거나 발생할 우려가 있는 지역의 유치원생, 초등학교 학생, 65세 이상의 노인에게 무상으로 마스크를 배포한다는 내용을 담고 있다.이에 대해 의사협회는 ""한정된 자원으로 공공의",의료계 | 안창욱 기자 | 2020-02-13 06:04
http://www.mediwelfare.com/news/articleView.html?idxno=1638,http://www.mediwelfare.com/news/photo/201911/1645_1990_536.jpg,의사들이 재택의료 불참 선언한 이유,"[초점] 의료계, 왕진 시범사업 불참 선언 보건복지부가 조만간 재택의료를 시행하기 위한 시범사업에 들어간다. 하지만 의료계가 '참여 불가' 입장을 피력하고 있어 첫발을 떼기도 전에 난항이다.보건복지부는 30일 2019년 제21차 건강보험정책심의위원회에 재택의료 활성화 추진계획 등을 보고했다.재택의료 활성화 추진계획현재 건강보험은 의료기관 안에서만 입원과 외래 진료를 하도록 설계돼 있어 환자가 의료기관 밖에서는 제대로 된 의료서비스를 이용하기 어려운 구조였다.이에 보건복지부는 재택의료 지원제도를 체계화해 노인, 중증환자",의료계 | 장현우 기자 | 2019-10-30 23:40
http://www.mediwelfare.com/news/articleView.html?idxno=1574,http://www.mediwelfare.com/news/photo/201911/1574_2078_5258.jpg,용두사미 된 치매국가책임제,"정부는 치매국가책임제를 공약하고, 전국에 200개가 넘는 치매안심센터를 설치했지만 정착 전문인력이 턱없이 부족해 치매환자들이 체계적인 관리를 받을 수 없는 상황인 것으로 나타났다.보건복지부가 국회 보건복지위원회 김상희 의원에게 제출한 자료에 따르면 현재 전국 256개 치매안심센터 중 77곳(30%)은 협력의사가 주 4시간 이하로 일하고 있었다. 문재인 대통령은 2017년 9월 ‘치매국가책임제’를 공식 발표하고, 같은 해 12월부터 핵심 인프라인 치매안심센터를 전국적으로 256개 설치했다.이를 통해 치매노인과 가족들이 1:1 상담부터",의료계 | 장현우 기자 | 2019-09-30 16:05
http://www.mediwelfare.com/news/articleView.html?idxno=1563,http://www.mediwelfare.com/news/photo/201911/1563_2076_4250.jpg,간호조무사협회가 윤종필 의원 규탄한 이유,"대한간호조무사협회가 협회 중앙회를 법정단체로 인정받기 위해 의료법 개정을 추진하고 있는 가운데 윤종필 의원이 법 개정에 반대하자 이를 규탄하는 시위에 나섰다.경기도간호조무사회 성남시분회 회원 100여명을 포함해 전국 간호조무사 대표자 800여명은 29일 윤종필 의원 사무실 앞에서 간호조무사 탄압중단 촉구 결의대회를 열었다.임은영 경기도간호조무사회 성남시분회장은 ""윤종필 의원은 분당구에서 정치를 계속할 뜻이 있다면 간호협회 대변인 노릇을 할 게 아니라 국민 전체의 권익을 보호하기 위해 이번 정기국회에서 간호조무사협회를 법정단체로 인정",의료계 | 장현우 기자 | 2019-09-29 16:24
http://www.mediwelfare.com/news/articleView.html?idxno=1551,http://www.mediwelfare.com/news/photo/201909/1495_1799_406.jpg,"식약처, 10일만에 라니티딘 입장 뒤집고 뭇매",대한의사협회는 잔탁 등 일부 라니티딘 계열 의약품에서 발암우려 물질이 검출된 것과 관련해 이번 사태의 책임이 전적으로 식약처와 제약사에 있다며 의약품 관리 전반에 대한 개선이 필요하다고 지적했다.의협은 26일 성명을 통해 식약처의 존재 이유를 질타하고 나섰다.최근 미국 식품의약청(FDA)과 유럽의약품청(EMA)은 잔탁 등 일부 라니티딘 계열에서 발암우려 물질인 'N-니트로소디메틸아민(NDMA)'이 검출됐다고 발표한 바 있다. NDMA는 지난 해 발사르탄 계열 혈압약에서도 검출돼 전 세계적으로 파문을 일으킨 바 있다.히,의료계 | 장현우 기자 | 2019-09-26 10:10
http://www.mediwelfare.com/news/articleView.html?idxno=1549,http://www.mediwelfare.com/news/photo/201911/1549_2053_44.jpg,"인증 요양병원 보상 없고, 직원은 스트레스","의료기관 인증제도가 요양병원의 질적 개선 등 다양한 성과로 나타나고 있다는 연구결과가 나왔다.그러나 보상에 대한 만족도가 낮고, 인증 이후 업무부담과 직무 스트레스가 늘어났다는 요양병원 직원들의 지적도 적지 않았다.의료기관평가인증원은 25일 요양병원 인증제도의 성과를 균형성과표(Balanced Scored Card, BSC) 관점에 따라 분석하고 연구한 결과를 발표했다.균형성과표란 재무, 고객, 내부 프로세스, 학습과 성장 등 균형 잡힌 관점의 성과평가 체계를 의미한다.인증원은 인증제도의 성과를 객관적으로 제시할 수 있는 정량적·정",의료계 | 장현우 기자 | 2019-09-26 07:20
http://www.mediwelfare.com/news/articleView.html?idxno=1526,http://www.mediwelfare.com/news/photo/201911/1526_2071_234.jpg,"""요양병원 진료비 폭증"" VS ""고령화 결과""",우리나라가 65세 이상의 인구 비율이 14% 이상인 고령사회에 진입하면서 노인들이 주로 찾는 요양병원 진료비가 10년 사이 4배나 증가한 것으로 나타나 초고령사회에 대비한 건강보험 재정대책 마련이 시급하다는 지적이 나왔다.이에 대해 요양병원계는 고령사회에서 요양병원 진료비가 급증하는 것은 당연한 현상인데 이를 빌미로 요양병원 옥죄기를 시도한다면 좌시하지 않겠다는 입장이다. 국회 보건복지위원회 김광수 의원은 20일 건강보험공단에서 제출받은 '건강보험 종별 총진료비 및 점유율' 자료를 분석한 결과 지난 10년간 건강보험,의료계 | 장현우 기자 | 2019-09-20 13:10
http://www.mediwelfare.com/news/articleView.html?idxno=1513,http://www.mediwelfare.com/news/photo/201910/1536_1839_2613.jpg,"""6천원 착오청구에 업무정지 90일…말이 되나""","건강검진 비용 6460원을 착오청구한 동네의원에 대해 보건소가 업무정지 3개월 처분을 내리자 의사협회가 강력 반발하고 있다.대한의사협회는 17일 최근 건강검진 항목 중 혈액검사를 하면서 LDL(저밀도지단백) 콜레스테롤 값 단 1건을 착오청구했다는 이유로 검진기관에 대해 3개월 업무정지를 하자 건강보험공단을 항의 방문했다.강원도 춘천의 A의원은 지난 5월 2018년 건강검진한 환자의 LDL 검사비용을 부당청구했다는 이유로 관할 보건소로부터 업무정지 3개월 처분을 통보받았다.LDL 콜레스테롤 검사방법은 총콜레스테롤, HDL, 콜레스테롤",의료계 | 장현우 기자 | 2019-09-17 19:35
http://www.mediwelfare.com/news/articleView.html?idxno=1508,http://www.mediwelfare.com/news/photo/201910/1544_1852_336.jpg,의료전달체계 개편 발등의 불 떨어진 병협,"대한병원협회는 최근 보건복지부가 발표한 '의료전달체계 개선 대책'에 대응하기 위한 TF를 구성해 대책 마련에 들어갔다. 병협은 17일 ""종별, 지역별, 직능단체별 다양한 의견수렴을 통해 병원계 단일 의견을 마련해 나갈 예정""이라고 밝혔다.병원협회 TF에는 상급종합병원협의회에서 6명, 중소병원회에서 6명, 상근임원 2명 등 총 14명이 참여하며 위원장은 김영모 상급종합병원협의회 회장이 맡는다.기획정책본부에서 TF 실무를 맡고, 기획정책국은 TF 운영 및 총괄 업무를 관장할 예정이다.또 보험정책국에서는 상급종합병원 지정기",의료계 | 장현우 기자 | 2019-09-17 12:10
http://www.mediwelfare.com/news/articleView.html?idxno=1485,http://www.mediwelfare.com/news/photo/201909/1368_1634_5646.jpg,요양병원 응급환자 진료거부한 대학병원,"[단독] 고대 구로병원의 황당한 응급환자 거부상급종합병원, 권역응급의료센터 지정을 받은 고대 구로병원이 요양병원 응급환자 진료를 거부했다는 주장이 제기돼 논란이 일고 있다.다제내성균인 카바페넴내성장내세균속균종(CRE) 검사를 하지 않았다는 게 응급진료 거부 이유였다. 서울의 A요양병원에 입원중인 K씨는 최근 활력징후(vital sign·체온, 호흡, 맥박, 혈압 등)가 갑자기 나빠졌다.K씨의 보호자에 따르면 A요양병원 의사는 응급상황이 발생하자 고대 구로병원 권역응급의료센터의 Y교수에게 전화해 환자 진료를 요청했다. 그러자 고대 구",의료계 | 안창욱 기자 | 2019-09-09 06:35
http://www.mediwelfare.com/news/articleView.html?idxno=1484,http://www.mediwelfare.com/news/photo/201910/1557_1870_046.jpg,"""대형병원 환자집중 원죄는 문재인케어""","대한의사협회는 정부가 4일 발표한 ‘의료전달체계 개선 단기대책’에 대해 취지에는 공감하지만 의료 전문가단체와 충분히 논의한 뒤 시행해야 한다는 입장이다.의협은 6일 정부의 의료전달체계 개선 단기대책에 대한 공식 입장을 발표했다.의협은 정부가 의료전달체계 개선 단기대책을 발표하자 긴급 상임이사 및 자문위원 대책회의를 열어 심도 있게 논의한 뒤 이날 공식 입장을 표명했다.우선 의협은 정부가 제시한 개선안의 취지에 공감한다고 밝힌다.다만 의협은 ""환자가 전화나 인터넷으로 상급종합병원을 사전에 예약한 후 형식적인 진료의뢰서 발급을 위해 1",의료계 | 장현우 기자 | 2019-09-06 10:05
http://www.mediwelfare.com/news/articleView.html?idxno=1473,http://www.mediwelfare.com/news/photo/201910/1543_1850_26.jpg,내부비리 고발했더니 신고자 정보 공개,"국가인권위원회는 내부 비리 신고자를 해당 기관에 알려주는 행위는 인권 침해에 해당한다며 해당 기관에 대해 재발방지대책을 마련할 것을 권고했다.국가인권위원회에 진정을 제기한 A 씨는 OO군 체육회 소속으로 OO경찰서, OO체육회, OOO도청에 OO군 체육회 소속 직원들이 지방자치단체 보조금을 부정으로 편취했다고 신고했다.그런데 신고자의 개인정보를 포함해 민원내용이 그대로 OO군 체육회에 전달됐고, A씨는 내부 비리를 신고했다는 이유로 해고, 감봉, 재계약 불가 등의 불이익을 받았다며 인권위에 진정을 제기했다.이에 대해 OO경찰서, O",의료계 | 장현우 기자 | 2019-09-04 12:35
http://www.mediwelfare.com/news/articleView.html?idxno=1464,http://www.mediwelfare.com/news/photo/201909/1344_1600_4912.jpg,"암요양병원들, 저소득층 암환자 무료진료","한국암재활협회는 암요양병원과 공동으로 9월부터 저소득층 암환자에 대해 최고 2개월간 요양병원 입원 및 치료비 전액을 지원한다.한국암재활협회는 31일 ""현재 대학병원 등 급성기병원에서 1차 치료(수술, 항암, 방사선 치료)를 마친 암환자들이 경제적 걱정 없이 각종 통증 등 후유증과 지속적으로 의학적 케어를 받을 수 있도록 10개 요양병원과 사회공헌협약을 맺고 입원 및 치료를 무상으로 제공하기로 했다""고 밝혔다.암보험에 가입했거나 경제적 여유가 있는 암환자는 암요양병원에 입원해 암 면역력 강화 및 재발과 전이의 예방을 위한 각종 치료를",의료계 | 장현우 기자 | 2019-08-31 10:25
http://www.mediwelfare.com/news/articleView.html?idxno=1423,http://www.mediwelfare.com/news/photo/201908/1287_1541_53.jpg,"환경부·요양병원협회 ""기저귀 감염 기우""","[초점] 일회용기저귀, 일반폐기물 전환 타당한가? 대한요양병원협회(회장 손덕현)는 요양병원에서 배출한 일회용기저귀에서 폐렴구균 등이 검출됐다는 연구결과와 관련, 일회용기저귀 중 감염 우려가 낮은 것을 사업장일반폐기물로 전환하기 때문에 안전에는 전혀 문제가 없다고 반박했다.환경부도 비감염성 일회용기저귀를 의료폐기물에서 제외한다는 방침을 재확인했다.대한요양병원협회는 26일 서울녹색환경지원센터가 발표한 '요양병원 기저귀 감염성균 및 위해균에 대한 위해성 조사연구' 최종 연구보고서와 관련해 27일 공식 입장을 발표했다.단국대",의료계 | 장현우 기자 | 2019-08-28 07:05
http://www.mediwelfare.com/news/articleView.html?idxno=1407,http://www.mediwelfare.com/news/photo/201908/1286_1540_646.jpg,'요양병원 기저귀 감염 우려' 연구의 한계,"[초점] 요양병원 배출 일회용기저귀 감염 우려 높나?요양병원에서 배출한 일회용기저귀에서 법정감염병 제2군인 폐렴구균 등이 발견됐다는 연구 결과가 나왔다.그러나 감염균이 나왔다고 해서 감염성과 위해성이 있다고 단정하기 어려울 뿐만 아니라 대조군 등이 없는 반쪽짜리 연구라는 점에서 감염 우려가 낮은 일회용기저귀를 일반폐기물로 전환한다는 환경부의 방침을 뒤집기에는 역부족일 것으로 보인다.서울녹색환경지원센터(연구책임자 이재영 서울시립대 교수, 위탁연구책임자 김성환 단국대 미생물학과 교수)는 26일 기자간담회를 열어 한국의료폐기물공제조합이",의료계 | 장현우 기자 | 2019-08-27 06:45
http://www.mediwelfare.com/news/articleView.html?idxno=1383,http://www.mediwelfare.com/news/photo/201908/1271_1501_1215.jpg,국내 첫 '노인학대 예방·권리홍호 국제포럼',국내에서 처음으로 '노인학대 예방 및 권리홍호 국제포럼'이 내달 국회에서 열린다.국회 보건복지위원회 기동민 의원과 중앙노인보호전문기관은 9월 9~10일 이틀간 국회도서관에서 '노인학대 예방 및 권리홍호 국제포럼'을 개최한다.국제포럼 일정을 보면 9일에는 △기조강연: 고령자 권리옹호를 위한 작은 지역사회 만들기(이케다 나오키 변호사(일본고령자학대방지학회 대표이사)) △주제발표1: 일본의 고령자학대예방을 위한 지역사회의 역할(슈쿠도쿠대학 야마구치 코지 교수)) △주제발표2: 가정 내 노인학대 예방 및 대응방,의료계 | 장현우 기자 | 2019-08-20 20:10
http://www.mediwelfare.com/news/articleView.html?idxno=1368,http://www.mediwelfare.com/news/photo/201908/1254_1480_1623.jpg,"공단, 정기평가 최하위 요양시설 수시 평가","건강보험공단(이사장 김용익)은 장기요양기관의 서비스 질을 높이기 위해 2018년도 시설급여 정기평가에서 최하위 E등급을 받은 기관 등 1,112곳을 대상으로 수시평가를 실시한다.건강보험공단은 14일 ""이번 수시평가에는 전년도 정기평가 결과 최하위인 E등급 기관뿐만 아니라 휴업, 업무정지 등으로 정기평가를 받지 않은 기관이 평가 대상""이라면서 ""이를 통해 서비스 질 관리를 한층 강화할 계획""이라고 밝혔다.장기요양기관 평가등급은 절대평가기준에 따라 A~E까지 5등급으로 나눠진다.한편 2018년도 재가급여 수시평가 결과 403개 기관의",의료계 | 장현우 기자 | 2019-08-17 14:45
http://www.mediwelfare.com/news/articleView.html?idxno=1342,http://www.mediwelfare.com/news/photo/201909/1342_1599_757.jpg,"""독립운동가 간호사·간호학생 34인 기억""","대한간호협회와 전국 16개 시·도간호사회는 제74회를 맞은 올해 광복절을 기념해 '독립운동가 간호사·간호학생 34인을 기억합니다' 캠페인을 전개한다.대한간호협회는 14일 ""일제강점기 엄혹한 시기 독립운동가 간호사, 간호과 학생들은 뜨거운 민족의식과 기개로 조국의 독립을 위해 싸웠고, 군자금 모집, 적십자활동, 사회운동, 첩보활동, 비밀연락, 독립군 규합 등 다양한 활동을 펼쳤다""고 밝혔다.간호협회는 ""협회는 독립운동가 간호사들의 자랑스러운 이름을 기억하고, 고귀한 정신을 본받아 위대한 간호역사를 계속 만들어 나기 위해",의료계 | 장현우 기자 | 2019-08-14 13:15
http://www.mediwelfare.com/news/articleView.html?idxno=1237,http://www.mediwelfare.com/news/photo/201908/1237_1459_1929.jpg,쟁점으로 재부상한 요양병원 '스프링클러',"[초점] 중소병원 스프링클러 설치비 누가 부담?대한의사협회는 정부가 중소병원, 의원에 대해 스프링클러 설치를 의무화하자 관계부처가 설치비를 일부 지원해야 한다며 대정부 압박에 나서고 있다. 중소병원에 스프링클러를 설치하기 위해서는 수억원의 비용이 들어간다는 점에서 정부가 설치비 일부를 지원하는 게 당연해 보인다. 다만 정부가 실제 지원에 나선다면 요양병원과의 형평성 논란은 불가피하다.소방청은 지난 6일자로 중·소 규모 의료시설에도 스프링클러, 간이스프링클러 설치를 의무화한 '소방시설법 시행령 개정안'을 시행한다고 발표",의료계 | 장현우 기자 | 2019-08-09 06:55
http://www.mediwelfare.com/news/articleView.html?idxno=1333,http://www.mediwelfare.com/news/photo/201908/1231_1445_5536.png,노쇠와 노화,"일상생활에 지장을 줄 정도로 신체기능이 심하게 저하된 상태인 노쇠(쇠약/frailty). 노화와 노쇠는 다릅니다. 노화(aging)는 피할 수 없지만, 노쇠(frailty)는 막을 수 있습니다.여러 장기의 기능이 떨어진 노쇠 환자. 평소엔 그런대로 지내지만 수술을 받거나 사고를 당하면 회복이 어렵습니다. 노쇠 환자는 잘 다치고 회복이 어려우며, 사망률도 높습니다.노쇠의 원인은 무엇이며, 어떻게 예방하는지 알아보겠습니다.노쇠의 원인은 부실한 식사, 우울증, 활동부족, 전신마취가 필요한 수술, 약물 부작용 등 다양합니다. 고혈압, 당뇨",의료계 | 노동훈 원장 | 2019-08-08 07:55
http://www.mediwelfare.com/news/articleView.html?idxno=1322,http://www.mediwelfare.com/news/photo/201909/1322_1628_344.jpg,간호사에게 간호조무사란?,"[초점] 간호협회와 간호조무사협회는 왜 반복할까?대한간호협회(회장 신경림)와 대한간호조무사협회(회장 홍옥녀)가 간호사와 간호조무사의 관계를 두고 정면으로 충돌하고 있다.1일 간호조무사협회는 보도자료를 통해 ""간호협회는 의료법 상 간호조무사 업무와 역할, 정원규정에 대해 제대로 알아야 할 것""이라며 ""간호조무사에 대한 비하와 차별의식을 버리고 간호업무를 함께 수행하는 간호인력으로 인정하고 존중하는 태도를 갖길 바란다""고 강조했다.의료법 제80조의 2(간호조무사 업무) 1항에 따르면 간호조무사는 간호사를 보조해 간호, 의사와 치과의사,",의료계 | 장현우 기자 | 2019-08-01 11:15
http://www.mediwelfare.com/news/articleView.html?idxno=1281,http://www.mediwelfare.com/news/photo/201907/1192_1384_217.jpg,요양병원협회 박성국 이사의 '일당백',"그야말로 일방적이고, 편파적인 최악의 토론회였다.22일 국회 이석현, 신창현 의원이 주최한 '일회용기저귀의 의료폐기물 제외에 따른 문제점과 개선방안 모색' 국회토론회 이야기다.환경부는 지난달 26일 의료기관에서 발생하는 일회용기저귀 중 감염 우려가 적은 것을 의료폐기물에서 제외하는 내용을 담은 폐기물관리법 시행령 및 시행규칙 개정안을 입법예고했다.이날 토론회는 국회의원들이 주최하는 형식을 취하긴 했지만 사실상 의료폐기물 수집운반업체와 의료폐기물 소각업체이 환경부를 압박하기 위해 마련한 자리였다.70여명이 들어찬 토론회",의료계 | 장현우 기자 | 2019-07-23 07:20
http://www.mediwelfare.com/news/articleView.html?idxno=1379,http://www.mediwelfare.com/news/photo/201909/1379_1664_4143.jpg,"간호조무사협회, 법정단체 입법화 총력투쟁","대한간호조무사협회(이하 간무협)가 협회를 법정단체로 인정받기 위해 '전국 간호조무사 대표자 1차 비상대책회의'를 개최하는 등 총력 투쟁 체제로 전환했다. 그러나 대한간호협회가 반대하고 있어 의료법을 개정할 수 있을지는 불투명하다. 간무협은 28일 전국 병원 및 시군구 분회 대표자 200여 명이 참석한 가운데 결의대회 및 연가투쟁을 열기로 확정했다. 대표자들은 간무협 중앙회를 법정단체로 전환하기 위한 의료법 개정안을 국회에서 통과시키기 위해 오는 8월 20일 전국 간호조무사 대표자 1차 결의대회를 열고, 10월 연가투쟁",의료계 | 장현우 기자 | 2019-06-29 10:45
http://www.mediwelfare.com/news/articleView.html?idxno=1460,http://www.mediwelfare.com/news/photo/201909/1460_1755_3454.jpg,"""대법원, 요양병원 무분별한 혈맥약침 경종""","대한의사협회는 최근 한의사들이 혈맥약침술을 사용하기 위해서는 신의료기술평가에 의해 안전성·유효성을 검증받아야 한다는 대법원 판결과 관련해 환영한다는 입장을 밝혔다.의협은 28일 ""대법원 판결은 한의사들의 무분별한 혈맥약침 시술에 경종 울린 것""이라고 평가하면서 ""한의계에 안전성·유효성 검증을 촉구했다는 점에서 환영한다""고 강조했다.대법원은 27일 혈맥약침술은 한의사들이 사용하는 약침술에 포함된다는 한의사의 주장을 배척하고, 먼저 신의료기술평가에 의해 안전성·유효성을 검증받아야 한다는 이유로 원심 파기 환송 판결을 내린 바 있다.이에",의료계 | 장현우 기자 | 2019-06-28 07:05
http://www.mediwelfare.com/news/articleView.html?idxno=1182,http://www.mediwelfare.com/news/photo/201910/1523_1823_1157.jpg,지자체 66%만 A형간염 접종비 지원,"A형감염자와 긴밀하게 접촉한 사람에게 2주 내 예방접종이 필요하지만 이를 지원하는 지자체는 3곳 중 2곳밖에 되지 않는 것으로 나타났다. 국회 보건복지위원회 최도자 의원이 질병관리본부로부터 제출받은 ‘A형간염 긴밀접촉자 예방접종 지원현황’에 따르면 현재 166개 지자체가 재난관리기금과 자체예산을 통해 A형간염 예방접종을 지원하고 있었다.하지만 나머지 87개(34.4%) 지자체는 지원을 전혀 하지 않는 것으로 확인됐다. 서울과 인천, 대전, 경북, 세종 등은 재난관리기금을 활용해 A형간염 예방접종을 지원하고, 부산과 충남, 제주 등은",의료계 | 장현우 기자 | 2019-06-24 14:05
http://www.mediwelfare.com/news/articleView.html?idxno=1366,http://www.mediwelfare.com/news/photo/201909/1366_1629_3857.jpg,간호협회-간호조무사협회 갈등 점입가경,"""간호조무사협회는 간호협회에 지독한 편견과 미움으로 가득 차 있다"" VS ""국민을 호도하는 것은 간호협회이다""대한간호협회와 대한간호조무사협회 간 갈등이 점입가경으로 치닫고 있다. 두 단체가 정면충돌로 치닫는 이유는 간호조무사협회의 의료법상 법정단체 승격이라는 ‘양보할 수 없는’ 이슈가 있기 때문이라는 분석이다.간호협회는 12일 논평을 내고 ""간호조무사는 의사, 간호사의 진료업무, 간호업무를 보조하는 게 의료법에 명시된 역할""이라며 ""이를 근거로 간호협회는 간호사와 간호조무사가 업무상 보조관계에 놓여 있으며, 이는 보건의료면허·자격체",의료계 | 장현우 기자 | 2019-06-13 13:40
http://www.mediwelfare.com/news/articleView.html?idxno=1388,http://www.mediwelfare.com/news/photo/201909/1388_1673_5842.jpg,"""의료 공공성 강화해야 의료 통제 가능하다""","참여연대는 보건복지부가 최근 'OECD 보건통계 2019' 결과를 발표한 것과 관련해 의료의 공공성 강화만이 급증하는 의료를 통제하고 시민의 건강한 삶을 보장할 수 있다고 지적했다.참여연대는 보건복지부가 21일 OECD 보건통계 2019 결과를 발표한 것에 대해 23일 입장을 발표했다.2019년 OECD 보건통계에 따르면 한국의 GDP 대비 경상의료비는 7.6%로 OECD 평균보다 낮지만, 경상의료비 증가율은 매우 높은 데다 1인당 외래진료 횟수는 연간 16.6회로 가장 많고, 평균 재원일수도 18.5일로 가장 긴 편",의료계 | 장현우 기자 | 2019-05-23 11:59
http://www.mediwelfare.com/news/articleView.html?idxno=1365,http://www.mediwelfare.com/news/photo/201909/1365_1627_5449.jpg,"""암환자 권익침해 방지 특별법 제정하라""","암환자단체는 중증질환인 200만 암환자들을 위해 '보험이용자 권익침해방지 및 처벌 특별법'을 제정하라고 촉구했다.암사모(암환자를 사랑하는 모임)와 보험이용자협회는 13일 ""암환자들이 보험사에 보험금을 청구하면 보험약관 등을 무시하고 대법원 판례를 근거로 보험금을 지급하지 않고 보험사 주주이익으로 챙기고 있다""고 비판했다.그러면서 암사모는 ""중증질환 암환자를 상대로 한 보험사의 보험사기가 극에 달해 이제는 거리로 내몰려 비참하고 참혹한 지경에 이르렀다""면서 ""국회는 국민이 부여한 권한으로 암환자들의 생명유지와 생명권 보",의료계 | 안창욱 기자 | 2019-05-13 15:54
http://www.mediwelfare.com/news/articleView.html?idxno=1432,http://www.mediwelfare.com/news/photo/201909/1432_1726_3423.jpg,"""수술실 CCTV 설치"" VS ""의사 직업자유 침해""","한국환자단체연합회는 최근 방송에서 무자격자의 대리수술, 유령수술 등이 보도되자 의료법을 개정해 수술실 CCTV 설치를 의무화하라고 촉구하고 나섰다. 환자단체연합회는 지난 9일 MBC PD수첩이 '유령의사, 수술실의 내부자들' 편을 방영한 것과 관련해 11일 성명서를 발표했다.환자단체연합회는 ""방송에서는 무자격자 대리수술, 유령수술 뿐만 아니라 수술실에서의 성범죄·생일파티·인증사진 촬영·집도의사 무단이탈·의료사고 조직적 은폐 등을 방영했다""면서 ""이런 중대 범죄행위와 인권침해가 수술실에서 버젓이 일어나고 있다는 사실에",의료계 | 장현우 기자 | 2019-05-11 15:18
http://www.mediwelfare.com/news/articleView.html?idxno=1576,http://www.mediwelfare.com/news/photo/201910/1576_1885_212.jpg,"""의료쇼핑은 일탈 아닌 병원 불신 때문""","환자단체인 건강세상네트워크는 보건복지부가 최근 발표한 '의료전달체계 개선 단기대책'과 관련해 환자와 국민 관점에서 의료공급 부문의 근본적인 체질변화와 국민적 신뢰를 담보해야 한다고 강조했다.건강세상네트워크는 10일 의료전달체계 개선 대책에 대해 이 같은 입장을 표명하고 나섰다. 보건복지부는 지난 4일 환자들의 수도권 대형병원 집중을 막기 위해 상급종합병원이 중증질환 위주로 진료를 하도록 지정기준 개선 및 보상방식 조정, 상급종합병원과의 의뢰 및 회송방식 개선 등의 대책을 발표한 바 있다.이에 대해 건강세상네트워크는 """,의료계 | 장현우 기자 | 2019-05-10 10:13
http://www.mediwelfare.com/news/articleView.html?idxno=1234,http://www.mediwelfare.com/news/photo/201908/1234_1447_455.jpg,간호조무사협회 '법정단체' 사활,"대한간호조무사협회가 협회 중앙회를 법정단체로 인정하지 않는 것은 차별이라며 국민권익위원회에 개선 건의서를 제출했다. 이에 대해 간호협회는 국민을 호도하는 행위를 중단하라고 간호조무사협회에 촉구하며 대립각을 세웠다. 간호조무사협회 홍옥녀 회장은 8일 국민권익위 서울사무소에 간호조무사 법정단체 불인정 차별 해소 건의서를 전달했다.간무협 홍옥녀 회장은 ""의료법은 의료인뿐만 아니라 의료유사업자에게도 법률상 중앙회 설립근거를 두고 있지만 의료현장에서 간호 및 진료보조 등의 업무를 수행하는 간호조무사에 대해서만 유독 법률상 중앙회 설립근거를",의료계 | 장현우 기자 | 2019-05-08 15:41
http://www.mediwelfare.com/news/articleView.html?idxno=1232,http://www.mediwelfare.com/news/photo/201908/1232_1446_226.jpg,"""건강보험 재정 20% 국가 책임제 준수하라""","민주노총 등 시민사회단체들이 건강보험 보장성 강화, 건강보험 재정 국가 책임제 도입 등을 촉구하고 나섰다. 민주노총과 의료민영화 저지와 무상의료 실현을 위한 운동본부, 건강보험노동조합은 7일 오전 서울역 등에서 국민 건강권 보장을 위한 건강보험 국가책임 정상화 촉구 기자회견을 열었다.민주노총 등은 ""문재인 케어 시행 이후 우리나라의 의료보장률은 65% 수준""이라면서 ""이는 OECD 국가 평균 80%에 크게 못 미치는 반쪽짜리 건강보험""이라고 지적했다.이어 이들은 ""문재인 대통령은 최근 전국민건강보험 30주년 기념식에서 임기 안에 전",의료계 | 장현우 기자 | 2019-05-08 11:04
http://www.mediwelfare.com/news/articleView.html?idxno=1061,,"병협, 의료인력 수급 개선 비대위 발족","대한병원협회가 심각한 의료인력난을 해결하기 위해 18일 ‘의료인력수급 개선 비상대책위원회’를 발족했다. 병원협회는 제17차 상임이사 및 상임고문, 시도병원회장 합동회의에서 김영모 상급종합병원협의회장(인하대 의무부총장 겸 의료원장)과 정영호 중소병원회 회장(한림병원 병원장)을 의료인력수급 개선 비상대책위원회 공동위원장으로 선임했다. 비대위는 30일 의료인력수급 개선 방안을 논의하기 위한 첫 회의를 열 예정이다. 정영호 공동위원장은 “상급종합병원과 중소병원이 상생하고 협의해야 할 사안이 많아 공동위원장을 선임한 것”이라며 “앞으로 머리",의료계 | 이주영 기자 | 2019-04-19 10:25
http://www.mediwelfare.com/news/articleView.html?idxno=1421,http://www.mediwelfare.com/news/photo/201909/1421_1715_4622.jpg,퇴원하자마자 투쟁현장 챙긴 의협 회장,"최대집 대한의사협회 회장이 단식농성 중 쓰러져 입원한 지 7일만에 퇴원해 투쟁현장 행보를 재개했다.최대집 의협 회장은 16일 오전 퇴원하자마자 이촌동 비상천막본부를 방문해 릴레이 단식투쟁을 이어가고 있는 정성균 총무이사와 변형규 보험이사를 격려했다.이어 혜민병원에 입원중인 방상혁 상근부회장을 찾아 위로했다.15일 아침 건강상태 악화로 입원한 방 부회장은 현재 수액치료를 받으며 회복중이다.최 회장은 추가적인 검사와 휴식이 필요하다는 의료진의 권유에도 불구하고 투쟁에 더욱 박차를 가하겠다는 의지를 표명하며 서둘러 복귀했다.최 회장은 """,의료계 | 장현우 기자 | 2019-04-16 10:50
http://www.mediwelfare.com/news/articleView.html?idxno=1438,http://www.mediwelfare.com/news/photo/201909/1438_1731_4819.jpg,의사 처방 안받은 전문약 온라인 판매 기승,"최근 유소년 야구교실을 운영하던 전 프로야구 선수가 유소년 선수를 대상으로 스테로이드제제 등 금지 약물을 투여한 혐의로 구속되는 사건이 발생한 가운데 스테로이드 온라인 불법판매가 급증하고 있어 대책 마련이 시급하다는 지적이다. 국회 보건복지위원회 김광수 의원은 12일 식약처로부터 제출받은 최근 3년간(2016~2019.5월) 의약품 온라인 불법판매 적발 현황을 공개했다.식약처 자료에 따르면 올해 1~5월까지 온라인상에서 스테로이드 불법판매를 하다가 적발된 것은 4,373건이었으며, 16년 272건 대비 무려 16배 이상 증가한 것으",의료계 | 장현우 기자 | 2019-04-12 14:50
http://www.mediwelfare.com/news/articleView.html?idxno=1434,http://www.mediwelfare.com/news/photo/201909/1434_1727_528.jpg,"""음주진료한 의사 처벌"" ""국회의원부터~""","음주 진료한 의료인의 면허를 취소하는 법안을 두고 인재근 의원과 대한의사협회가 충돌하고 있다.인재근 의원은 지난 5일 의료행위를 하는 의료인이 술에 취한 상태나 약물(마약류 및 환각물질)의 영향 등으로 인해 정상적인 의료행위가 어려울 경우 의료행위를 하지 못하도록 하고, 이를 면허취소와 함께 3년 이하의 징역이나 3,000만원 이하의 벌금에 처하도록 하는 의료법 개정안을 대표 발의했다.인재근 의원은 ""최근 모 대학병원 응급실에서 전공의 일부가 당직근무 중 상습적 음주 진료를 해왔다""면서 ""이런 음주 진료행위는 의료인의 직업윤리를 벗",의료계 | 장현우 기자 | 2019-04-09 15:55
http://www.mediwelfare.com/news/articleView.html?idxno=1025,,의료인 폭행 상해시 징역 또는 벌금형,"대한의사협회는 국회가 5일 본회의를 열어 안전한 진료환경 조성을 위해 마련한 의료법 개정안을 가결한 것에 대해 환영한다고 밝혔다. 이날 국회 본회의에서 통과된 의료법 개정안은 의료인 등을 폭행해 상해에 이르게 한 경우 7년 이하의 징역 또는 1천만원 이상 7천만원 이하의 벌금에 처하고, 중상해에 이르게 한 경우 3년 이상 10년 이하의 징역, 사망에 이르게 한 경우 무기 또는 5년 이상의 징역에 처하도록 규정했다. 또한, 음주로 인한 심신미약을 이유로 처벌을 감경하는 주취감경 적용 배제 등도 담고 있다. 박종혁 의협 대변인은 “이번",의료계 | 이주영 기자 | 2019-04-05 18:14
http://www.mediwelfare.com/news/articleView.html?idxno=1452,http://www.mediwelfare.com/news/photo/201909/1452_1744_5330.jpg,단식 돌입한 의협 회장…이유는 '저수가',"대한의사협회는 최대집 회장 겸 의쟁투(의료개혁쟁취투쟁위원회) 위원장의 단식투쟁과 동시에 이촌동 의협회관 앞에 비상천막본부를 설치하고, 매일 저녁 8시 집행부를 비롯한 회원들이 참여할 수 있는 심야토론을 진행한다.의사협회는 최대집 회장이 2일 각종 의료제도의 개선을 촉구하며 무기한 단식투쟁에 돌입하자 3일 오전 열린 제59차 상임이사회에서 이같이 결정했다.최대집 회장은 6월 28일 2020년도 의원급 수가인상률이 2.9%로 결정되자 ""수가 정상화에 대한 정부의 의지가 없다는 사실이 확인됐다""며 삭발투쟁 의지를 표출한 바 있다.또 최",의료계 | 장현우 기자 | 2019-04-03 11:51
http://www.mediwelfare.com/news/articleView.html?idxno=1016,,전문약 성분 넣은 한약 판매한 한의사 적발,"식품의약품안전처(처장 이의경)는 염증억제작용이 있는 의약품 성분인 ‘덱사메타손’을 넣은 한약을 제조·판매한 한의사 김 모(남, 36)를 약사법 위반 혐의로 검찰에 송치했다. 식약처에 따르면 김 씨는 통풍치료 전문 한의원을 열고 2015년 7월부터 지난해 6월까지 3년간 내원 환자들에게 덱사메타손 성분을 첨가한 ‘동풍산’을 제조해 통풍 치료 특효약으로 판매했으며, 한약 제조에 약사 이모씨도 가담했다. 덱사메타손은 항염증 및 면역억제 효과가 있는 스테로이드 의약품 성분이다. 식약처는 ‘동풍산’ 성분을 분석한 결과 한약 1포 당 ‘덱사메",의료계 | 안창욱 기자 | 2019-04-02 10:22
http://www.mediwelfare.com/news/articleView.html?idxno=1002,,낭패 보기 십상인 요양병원 사건사고들,"요양병원도 급성기병원 못지않게 낙상, 부주의 등으로 인해 많은 손해배상소송이 발생하고 있다. 뿐만 아니라 현지조사 과정에서 부당청구가 확인돼 과징금, 업무정지 등의 행정처분을 받는 사례도 적지 않다. 요양병원과 관련한 분쟁 사례를 정리했다.[초점] 요양병원 다빈도 의료분쟁#1 요양병원 간호사가 적외선치료기로 치료하는 과정에서 심재성 2도 화상을 초래한 사건.환자는 뇌경색, 다발성경화증, 알츠하이머병으로 인한 치매로 C요양병원에 입원했다.간호사는 환자의 복부에 두드러기가 나는 등 피부질환이 발생하자 연고를 도포하고, 적외선 치료를 했",의료계 | 안창욱 기자 | 2019-03-25 06:13
http://www.mediwelfare.com/news/articleView.html?idxno=989,,"질본 ""만성콩팥병 예방 위해 운동, 식이조절""","질병관리본부(정은경 본부장)는 14일 ‘세계 콩팥의 날’을 맞아 전 국민이 만성콩팥병 예방을 위해 지속적인 운동과 식이조절 등을 통해 비만을 줄이고 근육을 늘려야 한다고 당부했다. 특히 질본은 만성콩팥병 환자의 경우 비만관리, 금연 및 저염식 등을 생활화해 질병의 진행을 지속적으로 예방․관리해야 한다고 강조했다.만성콩팥병(만성신장질환)은 3개월 이상 만성적으로 콩팥의 손상이 있거나 콩팥 기능이 저하되어 있는 각종 질환을 의미한다.",의료계 | 이주영 기자 | 2019-03-14 11:32
http://www.mediwelfare.com/news/articleView.html?idxno=1422,http://www.mediwelfare.com/news/photo/201909/1422_1716_93.jpg,"최대집 병문안 온 나경원 ""함께 싸우자""","자유한국당 나경원 원내대표와 김명연 의원이 11일 단식투쟁 중 쓰러져 중앙대병원에 입원 중인 의사협회 최대집 회장을 위로 방문했다. 이 자리에서 나경원 원내대표는 ""최 회장이 불합리한 의료제도 문제를 개선하기 위해 단단하게 싸워주고 계셔서 진심으로 고맙다. 빨리 건강해지시고 힘내서 같이 싸우자. 싸우지 않으면 공짜로 얻는 게 무엇이 있겠느냐""고 위로했다.그러면서 나경원 원내대표는 ""의료계와 공동으로 문재인 케어 문제점에 대한 포럼이나 토론회 등 공론의 장을 조만간 마련하자""고 제안했다. 김명연 의원은 ""빅5병원 쏠림이 심화되고 지방",의료계 | 장현우 기자 | 2019-03-11 16:13
http://www.mediwelfare.com/news/articleView.html?idxno=975,,"의사 91% ""의료정상화를 위해 투쟁 필요""","의사 91%는 의료정상화를 위해 투쟁이 필요하며, 76%는 투쟁을 할 경우 동참하겠다는 견해를 피력했다. 의사협회는 지난 2월 22일부터 3월 3일까지 온라인 설문조사를 한 결과 총 2만 1896명의 의사들이 참여했다. 설문조사 결과 의협의 대정부 대화 단절 및 투쟁 선언에 대해 91.1%가 투쟁의 필요성에 공감한다고 응답했고, 이중 72.4%는 투쟁과 대화의 병행을, 18.7%는 일체의 대화 중단을 원하고 있었다.또 대한민국 의료의 지속이 불가능하며 장기적으로 붕괴될 것이라는 의견이 53.9%로 절반을 넘었고, 지속이 불가능하며",의료계 | 이주영 기자 | 2019-03-05 16:29
http://www.mediwelfare.com/news/articleView.html?idxno=953,,"""산삼약침 피해사례 전수조사하라""",대한의사협회는 한의원이 암치료 효과가 없는 산삼약침을 말기 암환자에게 고가로 판매한 것과 관련해 법원이 부당이득금을 반환하라고 판결하자 보건복지부에 한의원에 대한 전수조사를 촉구하고 나섰다. 최근 서울중앙지법은 한의원에서 암환자에게 투여한 산삼약침이 암치료 효과가 없다며 부당이득금을 환자에게 반환하라고 판결했다. .해당 한방의료기관은 진세노사이드를 주 성분으로 하는 산삼약침 치료가 말기암환자 치료에 효과가 있다며 한의원 홈페이지에 완치 및 호전 사례를 광고했다.한의원 홈페이지의 광고를 본 간암 말기 환자의 자녀가 해당 한방의료기관에,의료계 | 장현우 기자 | 2019-02-21 14:13
http://www.mediwelfare.com/news/articleView.html?idxno=945,,국립재활원 간호·간병통합서비스 개시,"국립재활원은 2월 11일 1개 병동 46병상을 지정받아 간호·간병통합서비스 운영을 시작했고, 18일 통합병동 개소식을 한다고 밝혔다.간호·간병통합서비스는 사적 고용 간병인이나 보호자 없이 병원의 전담 간호인력이 24시간 환자를 돌보는 제도로, 그간 환자 간병을 담당했던 보호자가 간병 부담에서 벗어나 직장·가정생활을 할 수 있고 간병인 고용에 따른 경제적 부담도 덜 수 있다.장애 중증도가 높고 장기 재활이 필요한 환자 등 입원환자 90% 이상이 1:1 간병을 받고 있는 국립재활원의 경우 간호·간병통합서비스 제공을 위해 전담 간호인력",의료계 | 안창욱 | 2019-02-18 10:15
http://www.mediwelfare.com/news/articleView.html?idxno=934,,"의협 ""의료 정상화 위해 대정부 투쟁""","대한의사협회는 정부가 수가 정상화 의지가 없다며 의료정상화를 위한 대정부 투쟁에 나서겠다고 선언했다. 의사협회는 13일 전국 의사회원들에게 ‘의료 정상화를 위한 대정부투쟁 안내문’을 발송했다. 의협은 “지난해 10월 25일 의정협의에서 수가 정상화의 진입 단계로 초진료·재진료 각각 30% 인상과 원외처방에 대한 처방료 부활을 요구하고 정부의 책임 있는 답변을 요구했는데 최근 정부와의 협의가 최종 결렬된 것을 확인했다”고 밝혔다. 의협은 “이제 정부와 대화, 타협으로 문제를 해결하기에는 회의적이라고 판단한다”면서 “의료 정상화라는 최",의료계 | 장현우 기자 | 2019-02-13 10:14
http://www.mediwelfare.com/news/articleView.html?idxno=933,,14일 중소병원의 역할과 중요성 토론회,"국회 보건복지위원회 윤일규 의원은 우리나라 의료환경에서 중소병원의 역할과 중요성을 주제로 14일 오후 2시 국회도서관 소회의실에서 토론회를 개최한다. 이번 토론회에서 대한지역병원협의회 김재학 공보이사가 중소병원의 등장과 성장 : 배경과 의미에 대해, 단국의대 박형욱 교수가 보건의료정책의 방향성이 중소병원에 미치는 영향에 대해, 전남 고흥 윤호21병원의 이윤호 원장이 간호등급제 및 시설규제에 대해, 대한분만병원협회 신봉식 회장이 정책규제와 경영에 대해 각각 발표한다. 이어 패널 토론에서는 더불어민주당 조원준 보건복지 전문위원, 대한지",의료계 | 이주영 기자 | 2019-02-13 09:47
http://www.mediwelfare.com/news/articleView.html?idxno=927,,"갑작스런 한파, 노년층 한랭질환 주의보","질병관리본부(본부장 정은경)는 이번 겨울 한랭질환 응급실감시체계 운영 결과 지난해 12월부터 현재까지 한랭질환자가 320명, 이 중 사망자가 11명으로 집계됐다고 8일 밝혔다.특히 질병관리본부는 한랭질환자의 43%, 사망자의 55%가 65세 이상 노년층으로 갑작스런 한파시 각별히 주의해줄 것을 당부했다.질병관리본부는 “한파시 내복‧장갑‧목도리‧모자 등으로 따뜻하게 몸을 보호하고, 고령자와 어린이는 일반 성인에 비해 체온 유지에 취약하므로 실외활동을 자제하고 보온에 신경써야 한다”면서 “만성질환(심뇌혈관질환, 당뇨, 고혈압 등)이 있",의료계 | 안창욱 | 2019-02-08 14:56
http://www.mediwelfare.com/news/articleView.html?idxno=923,,고 윤한덕 중앙응급의료센터장 순직 애도,"대한응급의학회는 설날 연휴 근무중 돌연 순직한 국립중앙의료원 윤한덕 중앙응급의료센터장에 대해 애통한 마음을 금할 수 없다는 애도 성명을 발표했다. 대한응급의학회는 7일 “고 윤한덕 회원을 떠나보내고 크나큰 슬픔에 잠겨있을 유족과 생전에 함께 했던 국립중앙의료원의 모든 선생님들과 고통을 함께 하고자 한다”고 밝혔다. 고 윤한덕 중앙응급의료센터장은 전남의대를 졸업하고 전남대병원에서 응급의학과 전공의, 전임의를 수련한 이후 의무사무관으로 보건복지부 국립의료원 중앙응급의료센터에 첫 발을 내딛은 이후 중앙응급의료센터장으로서 우리나라 응급의료",의료계 | 장현우 기자 | 2019-02-07 16:14
http://www.mediwelfare.com/news/articleView.html?idxno=1458,http://www.mediwelfare.com/news/photo/201909/1458_1754_421.jpg,지하철 역사 병의원 개설 끊이지 않는 논란,"지하철 역사 안에 의료기관에 개설하는 것을 두고 논란이 끊이지 않고 있다.대한의사협회는 1일 ""지하철 역사 내 의료기관 개설을 시도하려는 일련의 움직임은 의료를 포퓰리즘과 돈벌이의 도구로 이용하려는 전형적인 의료영리화의 일환""이라면서 ""이를 절대 허용해서는 안된다""고 입장 표명했다. 최근 서울교통공사는 지하철 7호선 강남구청역 역사에 입주할 시민편의형 의원·약국 임대차 입찰공고를 냈지만 강남구보건소가 수리를 거부해 사업이 중단된 바 있다.2015년에도 서울도시철도공사가 유사한 사업을 시도했지만 당시 지역보건소에서 지하철 역사 내 의",의료계 | 장현우 기자 | 2019-02-01 12:45
http://www.mediwelfare.com/news/articleView.html?idxno=919,,"국민콜 110, 설 연휴에도 24시간 정상운영","설 연휴에도 국민콜 110(정부민원안내)을 통해 병원․약국 정보와 교통상황 등 생활안내 및 행정기관 관련 민원상담을 24시간 받을 수 있다. 국민권익위원회(위원장 박은정, 이하 국민권익위)는 2일부터 6일까지 국민콜 110을 정상 운영한다고 1일 밝혔다. 전국 어디서나 국번없이 110번을 누르면 고속도로나 국도의 지․정체 구간, 대중교통 연장 운행시간과 같은 교통정보와 진료가능 병원․당번 약국 등 의료 정보를 안내받을 수 있다.또 불법 주·정차 단속문의 및 통행불편 신고, 행정기관 업무 관련 일반 상담 및 전기·수도 고장, 학교폭력",의료계 | 장현우 기자 | 2019-02-01 11:35
http://www.mediwelfare.com/news/articleView.html?idxno=914,,2월부터 초음파검사 건강보험 확대 적용,"올해 2월부터 하복부·비뇨기 초음파 검사에 대해 건강보험이 확대 적용돼 환자들의 부담이 낮아진다.보건복지부(장관 박능후)는 30일 건강보험정책심의위원회를 열어 △하복부․비뇨기 초음파 보험적용 이후 손실보상방안 등을 의결했다.우선 건정심은 지난해 4월 간, 담낭 등 상복부 초음파에 대한 건강보험 적용에 이어 내달부터 콩팥(신장), 방광, 항문 등 하복부·비뇨기 초음파에도 건강보험을 확대한다.콩팥, 부신, 방광, 소장, 대장, 항문 등의 이상 소견을 확인하는 하복부·비뇨기 초음파 검사는 그간 4대 중증질환(암·심장·뇌혈관·희귀난치) 등",의료계 | 안창욱 | 2019-01-30 16:37
http://www.mediwelfare.com/news/articleView.html?idxno=912,,'올해의 간호인' 수상자는 최종녀 함춘너싱홈 원장,"대한간호협회는 ‘올해의 간호인’ 수상자로 최종녀 함춘너싱홈 원장(56)을 선정했다. 수상자인 최종녀 원장은 1985년부터 2002년까지 한양대병원과 의정부 백병원 간호사를 거쳐 이후 6년간 포천 자혜의집 사무국장으로 일했다. 또 2008년부터 2014년까지 청운실버센터 원장과 마추미실버케어 응암점 원장으로 재직하며 다른 기관의 서울형 데이케어센터 모델 역할을 통해 현재 서울형 데이케어시설이 189개로 확대되는데 기여했으며, 이 사업이 서울의 10대 우수 사업에 선정되는데 큰 역할을 했다.최 원장은 특히, 국민건강보험공단이 노인장기요",의료계 | 장현우 기자 | 2019-01-30 10:55
http://www.mediwelfare.com/news/articleView.html?idxno=910,,의료기관 폭력방지 위한 법안 봇물,"대한의사협회(회장 최대집)는 신상진 의원이 대표 발의한 법률 개정안(의료법, 응급의료법, 경비업법, 청원경찰법, 경찰관 직무집행법, 보험업법)과 윤일규 의원이 대표 발의한 법률 개정안(의료법, 정신건강증진 및 정신질환자복지서비스지원법)에 대해 적극적인 환영의 뜻을 밝혔다.신상진 의원이 대표 발의한 법안들은 안전한 진료환경 조성을 위해 상급종합병원 내 폐쇄병동 설치 의무화, 권역 정신질환응급의료센터 지정 및 지원, 정신의료기관에 유사시 경비원의 적극적인 대응 및 배상 면제, 정신의료기관 청원경찰 의무배치 및 재정지원, 정신질환 환자에",의료계 | 이주영 기자 | 2019-01-28 14:10
http://www.mediwelfare.com/news/articleView.html?idxno=890,,타미플루 투여후 48시간 신경이상 부작용 주의,"대한의사협회는 독감치료제 ‘타미플루’ 부작용에 대한 불안감이 고조되고 있는 것과 관련, 투여 후 48시간 동안 신경이상 부작용에 대해 충분히 주의를 기울이면서 항바이러스 치료도 유지하는 것이 필요하다고 권고했다.지난해 12월 독감(인플루엔자) 치료제 타미플루를 복용한 여중생이 아파트에서 추락해 숨진 사건이 발생했다.또 식품의약품안전처의 자료에 따르면 최근 5년간 타미플루 부작용 1020건이 보고됐으며, 이 중 33.7%(344건)가 19세 미만 연령층에서 발생한 것으로 나타나 청소년에 대한 타미플루 복용관리 강화가 시급하다는 주장이",의료계 | 이주영 기자 | 2019-01-15 16:34
http://www.mediwelfare.com/news/articleView.html?idxno=889,,"의협, 삭센다펜주 오남용 주의 권고","대한의사협회(회장 최대집)는 의사 회원들에게 비만치료주사 ‘삭센다펜주’의 오남용 예방 및 안전한 사용을 위한 지침을 안내했다.노보노디스크제약이 판매하는 삭센다펜주는 당초 당뇨병 치료제로 개발했지만 비만치료 효과가 입증돼 처방되고 있다.그러나 최근 ‘살 빠지는 주사’ 열풍으로 무분별하게 사용되고, 온라인 불법거래가 횡행하는 등 문제가 발생하고 있다는 지적이다.의협은 국민들의 오남용 예방과 안전한 사용을 위해 권고사항을 안내하고 나섰다.의협은 “자가주사에 따른 오남용 예방과 안전한 사용을 위해 한 세트 중 첫 회 주사는 의료기관에서 투",의료계 | 장현우 기자 | 2019-01-15 05:31
http://www.mediwelfare.com/news/articleView.html?idxno=885,http://www.mediwelfare.com/news/photo/201901/885_1021_1043.jpg,"""요양병원 기저귀 일반폐기물로 전환""",전라남도의사회(회장 이필수)는 소각장 부족 등으로 의료폐기물을 원활하게 처리하지 못할 경우 지정폐기물 소각장에서 소각 처리할 수 있도록 한 ‘폐기물 관리법 개정안'에 대해 환영을 표시했다.특히 전남의사회는 의료폐기물 처리 문제를 근본적으로 해결하기 위해서는 요양병원 기저귀를 일반폐기물로 전환해야 한다고 촉구하고 나섰다.전남의사회는 14일 성명서를 통해 전현희 의원이 최근 대표 발의한 ‘폐기물관리법 개정안’에 대해 환영을 표시하며 조속히 입법하라고 요구했다. 폐기물관리법 개정안은 의료폐기물 중간처분업자가 시설·장비 또는 사업장,의료계 | 안창욱 | 2019-01-14 13:01
http://www.mediwelfare.com/news/articleView.html?idxno=867,,학교보다 더 심각한 의료기관 폭행범죄,"국회 보건복지위원회 신동근 의원은 의료기관에서 발생하는 폭행범죄가 PC방보다 현격히 높다며 안전한 진료환경을 만들기 위한 대책 마련이 시급하다고 지적했다.신동근 의원이 경찰청 경찰범죄통계자료를 분석한 결과 의료기관 내 폭행·협박 건수가 매년 증가했다.폭행건수는 2015년 896건에서 2017년 1062건으로 약 1.2배가 증가했으며, 협박건수는 같은 기간 79건에서 2017년 99건으로 약 1.3배 증가한 것으로 드러났다.의료기관내 폭행건수는 PC방(316건), 학교(593건), 지하철(262건), 공중화장실(107건) 등에 비해서",의료계 | 안창욱 | 2019-01-07 13:24
http://www.mediwelfare.com/news/articleView.html?idxno=864,,한달간 고 임세원 교수 애도…근조리본 착용,대한병원협회(회장 임영진)는 고 임세원 정신건강의학과 교수를 위해 2019년 1월 한 달간 애도 기간을 갖는다. 병협은 6일 “지난 12월 31일 환자 진료 중 불의의 사고로 목숨을 잃은 임 교수의 명복을 빈다” 며 “전국 회원병원은 고인을 기리기 위해 1월 한 달간 애도 기간을 갖고 근조리본을 착용하기로 했다”고 밝혔다.병협은 1월 2일 전국 회원병원 일동의 성명문을 발표해 고 임세원 교수의 명복을 빌며 깊은 애도와 함께 정부와 국회에 유사 사고 방지를 위한 실효성 있는 대책 마련을 촉구한 바 있다. 또한 병협은 강북삼성병원 의료,의료계 | 안창욱 | 2019-01-06 22:36
http://www.mediwelfare.com/news/articleView.html?idxno=860,,"간호협회, 고 임세원 교수 애도 성명","대한간호협회는 지난해 12월 31일 환자가 휘두른 흉기에 유명을 달리한 강북삼성병원 고 임세원 교수를 애도하는 성명을 발표하고, 신경림 회장은 이날 임 교수의 빈소를 찾아 조문하고 유가족을 위로했다.대한간호협회는 이날 성명에서 “진료 중 환자가 휘두른 흉기에 찔려 유명을 달리한 고 임세원 강북삼성병원 정신건강의학과 교수와 깊은 슬픔에 잠겨있을 가족들에게 애도를 표한다”고 밝혔다. 간호협회는 “우울증과 불안장애 분야 권위자로 자살 예방에도 힘써 온 임세원 교수의 안타까운 죽음은 병을 진찰하고 치료하는 일에 종사하는 전체 의료인의 큰",의료계 | 이주영 기자 | 2019-01-03 16:39
http://www.mediwelfare.com/news/articleView.html?idxno=855,,"""행정당국은 안전한 진료실 환경 조성하라""","대한정신건강의학과의사회(회장 이상훈)는 진료 도중 환자가 휘두른 흉기에 찔려 강북삼성병원 임세원 교수가 사망한 사건과 관련, 안전하게 진료할 수 있는 환경을 조성하라고 정부에 촉구하고 나섰다. 정신건강의학과의사회는 2일 성명서를 통해 “2008년 진료에 불만을 품은 환자가 비뇨기과 의사에게 흉기를 휘둘러 숨지게 했고, 2011년에도 마찬가지로 치과의사가 환자에게 목숨을 잃었다”면서 “이런 끔찍한 비극이 반복되었는데도 불구하고 정부의 대책은 미흡하기만 하다”고 질타했다.의사회는 “이번 일을 계기로 국가에서는 정신건강의학과 외래의 특수",의료계 | 장현우 기자 | 2019-01-02 17:38
http://www.mediwelfare.com/news/articleView.html?idxno=850,,"병협 회장 ""말이 아닌 행동으로 실천""","대한병원협회 임영진 회장은 “말이 아닌 직접 행동으로 실천하는 의료계 대표단체로 거듭나겠다”고 다짐했다.병원협회 임영진 회장은 최근 신년사를 통해 “회원의 권익증진은 물론 병원이 국민들에게 신뢰를 받으며 최상의 진료를 제공할 수 있는 방안이 무엇인지 고민하며, 이에 대한 답을 얻고자 노력하겠다”고 밝혔다.또 임영진 회장은 “현안 해결과 정책 입안 과정에서 정부, 유관단체와 통 큰 대화로 상생할 수 있는 의료 생태계 조성을 위해 힘쓰고, 전문적 지식을 바탕으로 역량을 강화하고 실질적 협상력을 제고하겠다”고 강조했다.이와 함께 임 회장",의료계 | 장현우 기자 | 2019-01-01 22:47
http://www.mediwelfare.com/news/articleView.html?idxno=845,,"의협 ""의료진 폭력사건 대책 마련하라""","강북삼성병원 정신건강의학과 교수가 환자가 휘두른 흉기에 찔려 사망한 사건과 관련, 의사협회는 정부와 정치권이 의료진에 대한 폭력사건에 대해 그 심각성을 분명하게 인식하고 대책 마련에 나서라고 촉구하고 나섰다.의사협회는 1일 강북삼성병원 임모 교수 피살사건과 관련한 입장을 발표했다.새해를 하루 앞둔 12월 31일 강북삼성병원 임세원 교수가 진료실에서 환자에게 피살되는 안타까운 사건이 발생했다.의협은 “의료계는 충격과 슬픔에 잠겨 있고, 갑작스러운 사고로 유명을 달리한 회원의 명복을 빈다”고 밝혔다.의협은 “이번 사건은 예고된 비극”이",의료계 | 안창욱 | 2019-01-01 22:07
http://www.mediwelfare.com/news/articleView.html?idxno=798,,"의협 ""건보공단 특사경 부여법안 철회하라""",대한의사협회는 건강보험공단에 특별사법경찰권을 부여한 법안 발의를 즉각 철회하라고 촉구하고 나섰다.의사협회는 “더불어민주당 송기헌 의원이 대표발의한 ‘사법경찰관리의 직무를 수행할 자와 그 직무범위에 관한 법률 개정안’은 의사들을 잠재적 범죄자 취급하는 행태로서 도저히 묵과할 수 없다”고 비판했다.의협은 “사무장병원 근절이라는 미명 아래 건강보험공단에 특사경 권한을 부여하는 법안 발의를 철회하지 않을 경우 건강보험공단 해체를 포함한 강력한 투쟁을 전개해 나갈 것”이라고 밝혔다.,의료계 | 안창욱 | 2018-12-10 06:28
http://www.mediwelfare.com/news/articleView.html?idxno=778,http://www.mediwelfare.com/news/photo/201811/778_928_2615.jpg,중소병원 스프링클러 설치비 85억 지원,국회 보건복지위원회가 내년도 예산안에 100병상 이하 중소형 병원의 스프링클러 설치 비용 지원금 85억원을 편성하기로 의결했다.보건복지부는 4년 전 요양병원에 대해 스프링클러 설치를 의무화하면서 한 푼의 예산도 지원하지 않았다는 점에서 요양병원들은 다시 한번 소외감을 느낄 수밖에 없는 상황이다.국회 보건복지위원회는 28일 전체회의를 열어 100병상 이하 중소형 병원의 스프링클러 설치비 지원 등을 포함한 2019년도 보건복지부 예산안을 의결했다.보건복지부는 당초 내년도 예산안에 중소병원 지원비 1천여억원을 편성했지만 기획재정부가 예산,의료계 | 안창욱 | 2018-11-29 07:26
http://www.mediwelfare.com/news/articleView.html?idxno=767,,"김승희 의원, 최우수 법률상 수상","국회 보건복지위원회 김승희 의원(자유한국당)이 머니투데이 더300(the300)이 선정한 ‘2018 대한민국 최우수법률상’ 수상자로 선정됐다. ‘내 삶을 바꾸는 정치뉴스’ 머니투데이 더300은 20대 국회 전반기(2016년 7월~2018년 6월) 국회 본회의를 통과 및 통과를 앞둔 발의 법안들 가운데 국민들의 삶에 실질적 영향을 미친 법률들을 엄선해 ‘2018 대한민국 최우수법률상’ 수상작으로 선정했다. 이 중 김승희 의원은 ‘실종아동 등의 보호 및 지원에 관한 법률’ 개정안과 ‘실종자수색·수사 등에 관한 법률’ 제정안, 일명 ‘실",의료계 | 장현우 기자 | 2018-11-22 14:14
http://www.mediwelfare.com/news/articleView.html?idxno=764,http://www.mediwelfare.com/news/photo/201811/764_915_4053.jpg,"건보공단, 요양시설 불법의료 조장하나","건강보험공단이 요양시설 안에 '전문요양실'을 개설하고, 사실상 의사의 지시나 감독이 없는 상태에서 간호사, 간호조무사가 기관지절개관 교체 등의 의료행위를 하는 시범사업에 착수할 예정이어서 논란이 일고 있다.건강보험공단은 20일자로 노인요양시설 전문요양실 시범사업을 입찰공고했다.건보공단은 ""노인요양시설은 간호처치 욕구가 높은 노인들도 입소하고 있지만 체계적인 간호서비스가 부족해 잦은 병원 방문, 불필요한 병원 장기입원 등의 문제가 발생하고 있어 요양시설 간호서비스 개선이 요구되고 있다""고 지적했다.건보공단은 ""전문요양실",의료계 | 안창욱 | 2018-11-22 07:56
http://www.mediwelfare.com/news/articleView.html?idxno=747,,의사 1만여명 의료분쟁특례법 제정 집회,"법원이 오진한 의사 3명에게 실형을 선고해 법정 구속하자 전국에서 모여든 의사 1만여명이 규탄 집회를 열었다. 의협은 11일 오후 서울 대한문 앞에서 ‘대한민국 의료 바로세우기 제3차 전국의사 총궐기대회’를 열었다. 수원지법 성남지원은 최근 폐렴과 횡경막탈장을 변비로 오진해 8살 K군을 숨지게 해 업무상과실치사 혐의로 기소된 A병원 소아과 과장, 응급의학과 과장, 가정의학과 전공의 등 의사 3명에 대해 금고 1년 6개월~금고 1년을 선고하고, 이들을 모두 법정구속했다. 의협은 “여덟 살 어린이가 횡격막 탈장으로 인한 혈흉이라는 매우",의료계 | 이주영 기자 | 2018-11-12 06:27
http://www.mediwelfare.com/news/articleView.html?idxno=744,http://www.mediwelfare.com/news/photo/201811/744_888_041.png,인증 의료기관 수가 인센티브 제공,"의료기관평가인증원은 현 인증제도의 문제점을 개선하기 위해 인증을 받은 의료기관에 수가 인센티브를 지급하는 등 제도 개선에 나갈 방침이다. 인증원은 12일 오전 9시부터 국회도서관에서 ‘의료기관 인증제도 혁신을 위한 토론회’를 열어 보건복지부 주관 ‘의료기관 인증혁신 T/F’에서 마련한 인증제도 혁신안을 발표하고 지정 토론에 들어간다. 지난 2010년 도입한 의료기관 인증제도는 병원급 의료기관의 환자안전과 의료 질을 국가에서 인증하는 제도로, 인증 유효기간은 4년이며 전국 1,700여개 병원이 인증을 획득했다. 그러나 자율인증인 급성",의료계 | 안창욱 | 2018-11-12 06:04
http://www.mediwelfare.com/news/articleView.html?idxno=737,,요양병원 비웃는 요양시설 수가,"2019년도 노인요양시설 수가가 6.08% 인상되면서 1일당 1등급 수가가 올해 6만 5190원에서 6만 9150원으로 크게 오른다. 이에 따라 노인요양시설과 요양병원의 수가 격차는 더 벌어지게 됐다. 보건복지부는 5일 제3차 장기요양위원회를 열어 2019년 장기요양 수가 및 보험료율을 심의 의결했다. 2019년 장기요양 수가 인상률은 평균 5.36%로 결정됐다. 유형별로 보면 노인요양시설이 6.08%, 노인공동생활가정이 6.37%, 주·야간보호시설이 6.56% 등이다. 수가 인상에 따라 노인요양시설(요양원) 이용 시 1일 수가가",의료계 | 안창욱 | 2018-11-06 07:05
http://www.mediwelfare.com/news/articleView.html?idxno=725,http://www.mediwelfare.com/news/photo/201811/725_863_5754.jpg,부글부글 끓는 요양병원 재활의료진들,요양병원은 회복기 재활치료를 마친 환자들을 요양병동으로 넘기고 퇴원시키지 않을 가능성이 있다?급성기병원 일부 재활의학과 전문의들이 요양병원의 회복기재활을 폄훼하는 발언을 서슴지 않고 있다. 보건복지부 이기일 보건의료정책국장은 최근 대한노인요양병원협회가 주최한 ‘요양병원 경영자 워크숍’에서 급성기병원 뿐만 아니라 요양병원도 병동제 방식으로 회복기재활에 참여할 수 있는 방안을 검토하겠다고 밝혔다.이기일 국장은 “입원형 호스피스사업도 병동제 개념인 만큼 (회복기) 재활의료기관도 인력기준이 동일하다면 병동제를 검토하는 게 의미 있다고 생각,의료계 | 안창욱 | 2018-11-01 07:55
http://www.mediwelfare.com/news/articleView.html?idxno=723,http://www.mediwelfare.com/news/photo/201810/723_862_126.jpg,제약사-의사 '불법 사례비' 관행 여전,"국민권익위원회는 제약사가 수백명의 의사들에게 자신의 의약품 처방대가로 금품을 제공한 사실이 공익신고를 통해 드러났다고 31일 밝혔다.국민권익위원회는 제약사가 수백명의 의사 등에게 자신의 의약품 처방대가로 금품 등을 제공했다는 공익신고 2건을 접수받아 1건은 2016년 경찰에, 1건은 2017년 검찰에 각각 수사의뢰했다.2016년 경찰에 수사의뢰한 공익신고 사건은 A제약사가 거래처 병원 의사 1백여명에게 금품 등을 제공한 사실이 경찰 수사로 드러났다.경찰은 A제약사 대표 등 업체 관계자 11명과 불법사례비로 리베이트를 받은 의사 10",의료계 | 안창욱 | 2018-10-31 10:08
http://www.mediwelfare.com/news/articleView.html?idxno=717,,간호계 '2018 간호정책 선포식' 열린다,대한간호협회는 11월 1일 오후 서울 장충체육관에서 ‘대한민국 보건의료 패러다임의 변화를 간호사가 주도하겠습니다’를 슬로건으로 ‘2018 간호정책 선포식’을 개최한다.전국에서 간호사와 간호대학생 6천여 명이 참석하는 이번 간호정책선포식은 △식전행사 △1부 공식행사(간호대상 시상식 포함) △2부 널싱 나우 한국위원회 출범식 △3부 가수 폴킴 & 노을 축하콘서트로 꾸며진다. 특히 이번 행사는 유투브를 통해 전국에 생방송된다.이 자리에서 간호정책 선포식 슬로건인 ‘대한민국 보건의료 패러다임의 변화를 간호사가 주도하겠습니다’와 함께 간호정,의료계 | 이주영 기자 | 2018-10-29 13:58
http://www.mediwelfare.com/news/articleView.html?idxno=709,http://www.mediwelfare.com/news/photo/201810/709_854_2050.jpg,"의협, 의사 3명 구속 항의 총궐기대회","의사협회는 최근 법원이 업무상과실치사 혐의로 기소된 의사 3명을 전원 법정 구속한 사건과 관련, 11월 11일 사상 최대 규모의 전국 의사 총궐기대회를 개최한다고 밝혔다. 의협은 구속된 의사들을 즉각 석방하지 않으면 전국의사 총파업에 나설 방침이다. 의협 최대집 회장 등 집행부는 27일 해당 의사들이 구속돼 있는 수원구치소 앞에서 철야 농성을 벌이고, 28일에는 청와대 앞에서 시위를 벌였다. 30일에는 국회 앞에서도 시위를 할 예정이다. 수원지법 성남지원은 최근 폐렴과 횡경막탈장을 변비로 오진해 8살 K군을 숨지게 해 업무상과실치사",의료계 | 안창욱 | 2018-10-29 06:21
http://www.mediwelfare.com/news/articleView.html?idxno=705,http://www.mediwelfare.com/news/photo/201810/705_850_3713.jpg,"의협회장, 의료사고 의사 실형선고에 삭발","대한의사협회 최대집 회장은 법원이 ‘횡경막 탈장 및 혈흉’에 따른 저혈량성 쇼크로 환자가 사망한 사건과 관련해 담당 의료진에게 실형을 선고하고 법정 구속하자 삭발 시위에 나섰다. 의사협회 최대집 회장은 25일 수원지방법원 성남지원 앞에서 삭발식을 했다. 최대집 회장은 “의사도 전문적 지식과 경험에 따라 최선의 결과를 도출하기 위해 노력하지만 때에 따라서는 위험을 예견할 수도, 회피할 수도 없는 상황이 발생할 수 있다”면서 “이번 판결이 확정될 경우 향후 응급한 환자에 대해서는 상급의료기관으로 단순히 전원조치함으로써 의사로서의 주의의",의료계 | 안창욱 | 2018-10-25 16:37
http://www.mediwelfare.com/news/articleView.html?idxno=704,http://www.mediwelfare.com/news/photo/201810/704_847_3432.jpg,환자안전사고 67%는 의료인 부주의,"한국소비자원에 피해구제 신청된 병원 내 환자안전사고의 67%가 환자관리 미흡이나 처치실수 등 보건의료인의 부주의로 발생했고, 안전사고로 장애가 남거나 사망한 경우도 있는 것으로 나타나 환자안전관리를 강화해야 한다는 지적이다.최근 2년 8개월간(2016.1.1.~2018.8.31.) 한국소비자원에 접수된 환자안전사고 관련 피해구제 신청은 총 137건으로, 특히 올해는 8월말까지 45건이 접수돼 전년 동기(28건) 대비 60.7% 증가했다.연령별로는 60대 이상 고령환자의 비율이 43%에 이르렀다.사고 유형별로는 주사·부목·레이저시술·",의료계 | 안창욱 | 2018-10-25 13:38
http://www.mediwelfare.com/news/articleView.html?idxno=703,http://www.mediwelfare.com/news/photo/201810/703_845_2512.jpg,상급종합병원 의료분쟁조정 개시 '최저',"상급종합병원의 의료분쟁 개시율이 종별 의료기관 중 가장 낮은 것으로 나타났다.국회 보건복지위원회 김광수 의원이 한국의료분쟁조정중재원으로부터 제출받은 ‘2013년~2018년 8월까지 공공·민간의료기관 의료분쟁 개시·조정 현황’에 따르면, 이 기간 상급종합병원에서 발생한 의료사고에 대해 한국의료분쟁조정중재원에 조정신청을 접수한 것은 1,388건으로 집계됐다.이 가운데 상급종합병원이 의료분쟁 조정에 참여해 개시된 것은 459건에 그쳐 개시율은 33.1%에 불과했다. 특히 상급종합병원의 개시율은 전체 종별 의료기관 가운데 가장 낮았고, 종",의료계 | 안창욱 | 2018-10-25 07:27
http://www.mediwelfare.com/news/articleView.html?idxno=702,http://www.mediwelfare.com/news/photo/201810/702_844_519.jpg,"보바스병원, 환자안전 위해 팔 걷어붙였다","늘푸른의료재단 보바스기념병원은 24일 환자안전 문화를 정착하기 위해 ‘2018 환자안전 캠페인’ 행사를 열었다. 보바스기념병원은 환자안전실무위원회 주관으로 환자, 보호자들이 스스로 환자 안전을 실천할 수 있도록 다양한 행사를 마련했다. 환자, 보호자를 위한 ‘환자안전수칙 낭독’, ‘환자안전 직원들의 다짐’, ‘개방형 질문하기’, ‘올바른 손씻기’, ‘투약 업무 5Right 실천’, ‘낙상 예방 활동’ 등 구체적인 실천 항목들을 재미있는 이벤트를 통해 홍보해 호응을 이끌어냈다. 보바스기념병원 환자안전관리실 관계자는 “환자안전의 중요성",의료계 | 안창욱 | 2018-10-24 15:51
http://www.mediwelfare.com/news/articleView.html?idxno=697,http://www.mediwelfare.com/news/photo/201810/697_840_2326.jpg,"복지부 ""회복기재활, 병동제 방식도 검토""","보건복지부 이기일 보건의료정책국장은 회복기재활과 관련, 급성기병원 뿐만 아니라 요양병원도 병동제 방식으로 참여할 수 있는 방안을 검토하겠다고 밝혔다.보건복지부가 지금까지 회복기 재활의료기관을 급성기병원으로 제한해 지정하겠다는 입장을 고수해 왔다는 점에서 이기일 국장의 발언은 정책기조의 변화 가능성을 열어둔 것이어서 주목된다. 최근 대한노인요양병원협회가 주최한 요양병원 경영자 워크숍에서 ‘보건의료정책 추진방향’을 주제로 강연했다.대한노인요양병원협회 손덕현 수석부회장은 강연 직후 질의응답에서 회복기 재활의료기관 사업에 요양병원도 참여할",의료계 | 안창욱 | 2018-10-24 06:25
http://www.mediwelfare.com/news/articleView.html?idxno=691,http://www.mediwelfare.com/news/photo/201810/691_831_2350.jpg,"""인증원 조사위원 자질, 전문성 결여""","의료기관평가인증원의 평가 조사위원들이 인증기준에 대한 이해 부족으로 전문성이 떨어진다는 지적이 국정감사에서 나왔다. 국회 보건복지위원회 이명수 위원장은 22일 의료기관평가인증원 국정감사에서 의료기관평가 조사위원의 자질과 역량 문제를 질타했다. 2010년 의료 질 향상과 환자안전을 목표로 도입된 의료기관 인증제가 시행 8년째를 맞고 있지만 의료의 질에 대한 종합점검이란 본래 취지를 살리지 못한 채 유명무실하게 운영되고 있다는 비판의 목소리가 나오고 있다. ‘2018 보건의료노동자 실태조사’에 따르면, 인증평가 때문에 휴직이나 이직을",의료계 | 안창욱 | 2018-10-22 10:27
http://www.mediwelfare.com/news/articleView.html?idxno=688,,"""의료기회사 직원이 국립중앙의료원 수술""","우리나라 공공의료를 선도하는 국립중앙의료원에서 의료인이 아닌 의료기기 회사 직원이 척추수술 봉합을 하거나 부위를 나눠 수술 한 적이 있다고 진술했다. 이에 따라 국립중앙의료원은 다년간 무면허 의료행위에 대해 추가 조사가 필요하다고 판단, 수사를 의뢰할 예정인 것으로 알려졌다. 국립중앙의료원는 국회 보건복지위원회 정춘숙 의원에게 ‘영업사원의 수술 참여 의혹에 관한 감사보고서’를 제출했다.자료에 따르면 국립중앙의료원의 감사 대상에 포함된 간호사 6명 중 1명은 “이전에는 신경외과 전문의 B씨의 수술에서 의료기기회사 직원이 간단한 척추수",의료계 | 안창욱 | 2018-10-21 22:30
http://www.mediwelfare.com/news/articleView.html?idxno=685,,"""건보료 납부능력자 체납 심각""","보험료 체납으로 인한 건강보험 재정 누수가 심각한 가운데 납부능력이 충분한 체납자들의 도덕적 해이가 심각한 것으로 드러났다. 국회 보건복지위원회 장정숙 의원이 건강보험공단으로부터 제출받은 건강보험료 체납 현황을 분석한 결과, 2018년 8월 10일 기준 총 130만 7천세대가 2조 5157억원을 체납한 것으로 집계됐다.특히 건보공단이 2006년부터 고소득, 고액재산가 등 보험료 납부능력이 있으면서 장기간 보험료를 납부하지 않은 체납자의 도덕적 해이를 방지하고 납부의식을 고취시키기 위해 특별관리 세대를 지정해 관리하고 있음에도 최근",의료계 | 안창욱 | 2018-10-17 11:08
http://www.mediwelfare.com/news/articleView.html?idxno=684,,"""불법 심장초음파 대리검사 엄중 처벌""","대한병원의사협의회는 불법적인 심장초음파 대리검사 및 대리진단 행위를 엄중히 처벌하라고 보건복지부에 요구했다. 대한병원의사협의회는 17일 “불법 무면허 의료행위인 심장초음파 대리검사 및 대리진단 행위를 강력히 규탄하며, 이 문제의 심각성을 언급하고 관련자를 강력히 처벌해 다시는 이러한 일이 일어나서는 안 된다는 점을 분명히 한다”고 밝혔다. 병원의사협의회는 “의료계는 PA에 의한 불법 심초음파 대리검사 및 대리진단 행위를 인증제를 통해 양성화하려는 대한심장학회의 뻔뻔함에 분노한다”고 지적했다.",의료계 | 안창욱 | 2018-10-17 11:01
http://www.mediwelfare.com/news/articleView.html?idxno=673,,"3명 중 1명은 요양병원, 요양시설에서 사망","최근 5년간 노인요양병원과 요양시설을 이용하다 사망한 노인이 43만명을 넘는 것으로 나타났다. 작년 한 해 전체 사망자가 28만 5천명이었다는 점을 감안하면 작년 요양병원과 요양시설 사망자는 9만 7,985명으로 전체 사망자의 1/3 꼴이다. 14일 국회 보건복지위원회 최도자 의원이 건강보험공단으로부터 제출받은 자료에 따르면, 지난 5년간 요양병원에서 30만 821명이 사망했으며, 13만 6871명이 노인요양시설을 이용하다 사망했다. 요양병원과 요양시설 입소 중 사망자는 2013년 8만 1,660명에서 2014년 8만 107명으로",의료계 | 안창욱 | 2018-10-14 22:53
http://www.mediwelfare.com/news/articleView.html?idxno=670,http://www.mediwelfare.com/news/photo/201810/670_817_5018.jpg,"복지부 ""요양병원 전문의 가산 곧 개선""","박능후 보건복지부 장관은 요양병원의 8개과 전문의 가산제도를 조만간 개선하겠다고 밝혔다. 국회 보건복지위원회 김광수 의원은 11일 보건복지부 국정감사에서 요양병원 전문의 8개과 가산제도의 개선 필요성을 제기했다. 보건복지부는 요양병원의 의료 질 향상을 위해 의사등급이 1등급이면서 내과, 외과, 신경과, 정신건강의학과, 재활의학과, 가정의학과, 신경외과, 정형외과 등 8개과 전문의 수가 전체 의사의 50% 이상이면 입원료를 20% 가산하고, 50% 미만이면 10%를 가산하는 전문의 가산제도를 시행하고 있다. 김광수 의원은 “서울의대",의료계 | 안창욱 | 2018-10-12 06:52
http://www.mediwelfare.com/news/articleView.html?idxno=667,,우리나라 의사 수 OECD 최저,"우리나라 의사 수가 OECD 회원국 중 가장 적다는 주장이 제기됐다. 보건복지부가 더불어민주당 남인순 의원에게 제출한 ‘인구 1000명당 OECD 국가 임상 의사 수’ 자료에 따르면, 2016년 기준 우리나라의 인구 1,000명당 의사 수는 2.3명으로 비교 가능한 OECD 26개 회원국 중 가장 적었다. OECD 회원국의 인구 1,000명 당 평균 의사 수는 3.3명이었다. 남인순 의원은 “의대 정원을 늘린다면 무엇보다 농어촌 등 의료 취약지와 공공의료기관의 공공의사부터 우선적으로 확충하는 것이 필요하다”고 강조했다.",의료계 | 이주영 기자 | 2018-10-11 11:28
http://www.mediwelfare.com/news/articleView.html?idxno=660,,행방불명 결핵환자 전국에 113명,"지난 4년간 결핵으로 진단을 받았지만 치료를 거부하고 행방불명으로 분류된 결핵환자가 총 188명이나 되는 것으로 나타났다. 국회 보건복지위원회 최도자 의원이 질병관리본부로부터 제출받은 자료에 따르면 결핵환자이면서 연락두절된 188명을 전수조사했으며, 이 중 66명이 치료를 완료하거나 재개했고, 9명이 사망했다. 하지만 여전히 113명은 치료를 받지 않고 있는 것으로 확인됐다. 결핵치료는 국가에서 그 비용을 100% 지원하고 있음에도 환자가 치료를 거부하는 경우가 많다. 방치된 결핵환자는 주변사람들을 감염시킬 위험이 매우 높다. 보건",의료계 | 안창욱 | 2018-10-10 06:30
http://www.mediwelfare.com/news/articleView.html?idxno=658,,"인권위, 사형제 폐지 공론화 시작","국가인권위원회(위원장 최영애)는 제16회 세계사형폐지의 날을 맞이해 10일 오후 2시 국회 의원회관 제2소회의실에서 이상민 국회의원실, 한국천주교주교회의 정의평화위원회 사형제도폐지소위원회와 공동으로 기념식 및 토론회를 개최한다.사형제도 폐지 및 대체 형벌 마련을 위한 토론회는 향후 사형제도 폐지를 전제로 대체 형벌에 대한 본격적인 논의를 위해 마련됐다. 구미유학생간첩단사건에 연루돼 사형 확정 후 감형, 석방된 김성만 씨가 사형확정자로서의 경험을 증언하는 시간으로 시작된다. 이어 이 날 현재 진행되고 있는 ‘사형제도 폐지 및 대체 형",의료계 | 안창욱 | 2018-10-08 16:34
http://www.mediwelfare.com/news/articleView.html?idxno=603,,"간호협회, 간호사 전용 열린콜센터 운영","대한간호협회(회장 신경림)가 3일부터 간호사 전용 열린콜센터인 ‘널스톡’(NurseTalk, 상담전화 1588-6282)을 통해 통합안내 상담서비스를 시작한다.간호사 누구나 서비스를 통해 회원고충상담, 면허신고, 일반상담 등을 열린콜센터인 ‘널스톡’에서 쉽게 안내받을 수 있게 됐다.이용방법은 콜센터에 전화 후 ①번 회원고충상담 ②번 보수교육 유예 및 면제, 면허신고 ③번 협회 홈페이지 로그인 결제오류 동영상 문제 ④번 회원등록, 협회비 등 대한간호협회 행정업무 등의 항목을 직접 선택하면 상담직원이 안내하는 방식으로 이뤄진다. 상담은",의료계 | 안창욱 | 2018-09-03 11:05
http://www.mediwelfare.com/news/articleView.html?idxno=571,,"""의사 50% 집단행동 참여하면 의료 개선""","최대집 의사협회 회장은 “의사 회원 50%가 집단행동에 참여하면 한국 의료가 개선된다”고 밝혔다. 대한의사협회 최대집 회장과 방상혁 상근부회장은 17일 의료계 집단행동 역량을 강화하기 위해 기획한 ‘전국 순회 회원과의 대화 및 결의대회’ 일정을 제주의사회 회원들과 시작했다. 최 회장은 “시도의사회는 객관적으로 볼 때 잘 정비된 조직으로, 결코 무시할 수 없는 전문가 집단이다. 집단행동 역량을 끌어올리면 제대로 된 의료체계를 개편할 수 있는 동력을 만들어 낼 수 있다”고 역설했다. 최 회장은 “문재인 대통령이 남은 임기 4년 안에 3",의료계 | 안창욱 | 2018-08-19 18:31
http://www.mediwelfare.com/news/articleView.html?idxno=566,,"""급진적 보장성강화대책 변경하라""",대한의사협회 최대집 회장은 현 정부가 추진중인 문재인 케어가 급진적 보장성강화대책이라며 정책을 변경하라고 요구했다. 최대집 회장은 14일 기자회견을 열어 “현 정부는 지난해 비급여를 전면 급여화해 건강보험 보장률을 70%까지 올리겠다는 급진적 보장성 강화 정책을 내놓았다”면서 “그러나 이는 건강보험 재정에 과도한 부담을 줘 수년 안에 재정 파탄을 초래할 것”이라고 경고했다.또 최대집 회장은 “급진적 보장성 강화 정책으로 인해 비급여가 무분별하게 급여화 되면 국민들에게 과도한 건보료가 부과됨은 물론이고 의료 이용 선택권의 제한이 심해,의료계 | 안창욱 | 2018-08-14 11:16
http://www.mediwelfare.com/news/articleView.html?idxno=557,,"""한달 새 의료기관 내 폭행 4차례…분개한다""","대한의사협회 전국광역시도의사회장 협의회는 12일 성명서를 통해 “의료기관 내 폭행사건이 언론에 보도된 것만 한 달 동안 무려 네 차례나 발생한 데 대해 경악을 넘어 분개하지 않을 수 없다”고 밝혔다. 시도의사회장 협의회는 “의료기관내 폭력을 근절하기 위해서는 국회 입법만이 아닌, 정부나 사법기관이 나서 보다 근본적인 대책을 마련하는 것이 필요하지만 정부는 아직까지 어떠한 구체적인 대책도 내놓지 않고 있는 실정”이라고 비판했다. 시도의사회장협의회는 정부가 근본대책을 마련하라고 촉구하고, 사법당국 역시 의료인 폭행사건의 철저한 수사와",의료계 | 안창욱 | 2018-08-12 20:38
http://www.mediwelfare.com/news/articleView.html?idxno=554,,"응급의학회, 폭력 없는 응급실 서명운동 착수","대한응급의학회는 최근 전국적으로 연이어 응급실 폭력 사건이 발생하자 폭력 없는 응급실 서명운동에 들어갔다. 대한응급의학회는 9일 “응급의료 현장에서 응급의료 종사자에 대한 폭력은 개인에 대한 단순 폭력이 아니라, 다른 응급환자들의 생명과 안전을 위협하는 중대한 범법 행위”라고 우려했다. 이에 대한응급의학회는 전국 403개 응급의료기관에 종사하는 응급의학과 전문의, 전공의를 포함한 의사, 간호사 등 의료인 뿐 아니라, 간호조무사와 의료기사, 응급구조사가 모두 참여하는 ‘폭력 없는 안전한 응급의료 환경 조성을 위한 전국 응급의료종사자",의료계 | 안창욱 | 2018-08-09 11:39
http://www.mediwelfare.com/news/articleView.html?idxno=546,,의료인 폭력근절 청와대 국민청원 15만명 참여,"지난달 초 익산 응급실 폭행사건으로 시작된 의료인 폭력근절 청와대 국민청원이 지난 2일 최종 14만 7,885명 동의로 마감됐다. 7월 한달 동안 언론에 알려진 사건만 4차례. 응급실 등 의료기관에서 잇따라 발생한 폭력사건으로 보건의료 종사자들은 물론이고 많은 국민들이 충격받고 분노했다. 의사협회 최대집 회장은 “폭력 없는 안전한 진료환경 조성을 위해 적극적으로 동참해 준 모든 보건의료인, 국민들께 깊은 감사를 전한다. 지속적인 관심과 문제의식을 가져주시기 바란다. 정부가 직접 답하는 기준을 20만명으로 설정해놓았다지만 15만이라는",의료계 | 안창욱 | 2018-08-03 11:26
http://www.mediwelfare.com/news/articleView.html?idxno=541,,"주취자, 구미차병원 응급실 전공의 폭행","이번에는 경북 구미 응급실에서 주취자가 전공의를 폭행하는 사건이 발생했다. 31일 새벽 4시경 경북 구미 소재 구미차병원 권역응급의료센터에 술에 취한 20대 남성이 전공의 김 모 씨를 철제 혈액 샘플 트레이로 가격, 동맥파열로 전치 3주의 상해를 입히는 사건이 일어났다.가해자는 사건 전부터 응급센터 바닥에 침을 뱉고 웃통을 벗는 등 난동을 부리고 있었으며, 전공의는 가해자에게 바이탈 체크와 처치를 하다가 차트 작성을 위해 간호사 스테이션으로 자리를 옮긴 상태였다. 그때 갑자기 가해자가 전공의의 뒤로 다가와 철제 트레이로 정수리 부위",의료계 | 안창욱 | 2018-07-31 17:25
http://www.mediwelfare.com/news/articleView.html?idxno=527,http://www.mediwelfare.com/news/photo/201807/527_648_4449.jpg,요양병원에 버거운 연명의료결정법,"“의료기관윤리위원회를 설치한 대학병원들조차 연명의료결정법대로 시행하길 꺼리는 게 현실이다.”서울대병원 허대석(내과) 교수는 18일 오전 바른미래당 최도자 의원과 대한병원협회가 주최한 ‘연명의료결정법 개선방안 모색 토론회’에서 의료현장의 상황을 이렇게 설명했다. 연명의료결정제도는 임종과정에 있는 환자에 대해 연명의료(심폐소생술, 인공호흡기, 혈액투석 등)를 시행할지, 중단할지 여부를 환자 스스로 결정할 수 있는 법적 장치를 의미한다. 연명의료 중단 내지 유보 결정을 하기 위해서는 본인 스스로 연명의료를 받지 않겠다는 ‘사전연명의료의향",의료계 | 안창욱 | 2018-07-18 14:28
http://www.mediwelfare.com/news/articleView.html?idxno=524,,의료기관내 폭력 처벌 강화 법안 발의,"자유한국당 박인숙 의원이 의료기관 내 폭력에 대한 처벌을 강화한 의료법, 응급의료법 개정안을 대표발의했다. 이에 대해 의사협회는 적극 환영의 뜻을 밝혔다. 최근 전북 익산의 병원 응급실에서 발생한 의료인 폭행사건을 계기로 의료기관내 폭력을 행사한 가해자를 엄중 처벌해야 한다는 목소리가 높아지고 있다. 그러자 박인숙 의원은 최근 의료법과 응급의료법 개정안을 통해 두 법의 처벌 규정인 ‘5년 이하의 징역 또는 5천만원 이하의 벌금’에서 벌금형을 삭제했다. 또 의료법에 규정된 반의사불벌죄 단서 부분도 삭제하는 개정안을 발의했다. 이는 그",의료계 | 안창욱 | 2018-07-16 06:07
http://www.mediwelfare.com/news/articleView.html?idxno=520,http://www.mediwelfare.com/news/photo/201807/520_641_4416.jpg,"""의료기관인증 때문에 이직 고민!""","의료기관에 근무하는 간호사 3명 중 2명은 의료기관 인증평가 준비에 대한 부담으로 휴직이나 이직을 고민한다는 설문조사 결과가 나왔다. 보건의료노조는 2019년 3주기 의료기관평가인증을 앞두고 의료기관에 근무하는 간호사 1만 5278명, 간호조무사 1502명을 포함해 보건의료 노동자 2만 4087명을 대상으로 의료기관평가인증제 관련 실태조사를 하고, 그 결과를 12일 발표했다. 보건노조는 “우리나라의 의료기관 활동 간호사 수는 OECD 평균의 53.8%에 불과할 정도로 배출되는 인력에 비해 활동 인구가 적다”면서 “이는 과중한 업무부",의료계 | 안창욱 | 2018-07-13 06:55
http://www.mediwelfare.com/news/articleView.html?idxno=517,,"의협, 남북의료협력위원회 개최","대한의사협회 남북의료협력위원회(위원장 최재욱)는 최근 제1차 회의를 열어 남북의료협력위원회의 활동방향을 수립하고 남북의료협력방안을 논의했다.위원회는 우선 추진 사업으로 남북한 의료인 공동학술대회 개최, 1996년 이후 개정이 없었던 남북한 의학용어집 개정과 북한 의료인 면허제도 관련 기초연구, 북한 의사 역량강화 및 연수 협력 사업, 의료지원 및 의약품, 의료기기 지원 사업 등의 추진을 검토하고 위원 중 각 분야 전문가를 중심으로 구체적 실행계획을 마련하기로 했다. 제40대 남북의료협력위원회에는 최재욱 위원장을 비롯해 남북의료협력",의료계 | 안창욱 | 2018-07-11 15:21
http://www.mediwelfare.com/news/articleView.html?idxno=508,,"""의료기관 내 폭력에 분노한다""","최근 전라북도 익산에서 의사 폭행 사건이 발생한 가운데 의사협회 등은 8일 경찰청 앞에서 의료기관 내 폭력근절 범의료계 규탄대회를 열었다. 이날 규탄대회는 의사협회, 치과의사협회, 간호협회, 간호조무사협회 등에서 경찰 추산 300여명이 참여했다. 이들은 결의문을 통해 “환자 진료로 급박하게 돌아가는 의료현장에서 보건의료인에게 무자비하게 자행되는 폭행과 살해 협박에 대해 심각하게 분노한다”면서 “이러한 반인륜적 사회적 법익 침해의 문제는 단지 의료기관이나 보건의료인에게만 맡겨서는 안되며, 반드시 국가 차원에서 관리해야 한다”고 강조했",의료계 | 안창욱 | 2018-07-08 19:52
http://www.mediwelfare.com/news/articleView.html?idxno=506,http://www.mediwelfare.com/news/photo/201807/506_626_1258.jpg,"""심사기준 공개·심사실명제 도입하라""","대한의사협회는 보건복지부에 요양급여 및 진료비 심사기준 상설협의체를 운영하고, 진료비 심사실명제, 심사기준 전면 공개를 요구하기로 했다. 의사협회는 5일 보건복지부와 의정 협상하는 자리에서 '심사체계개편에 대한 의료계 요구사항'을 전달할 예정이다. 의협은 우선 요양급여 및 심사기준 상설협의체 운영을 보건복지부에 요구하기로 했다. 의협, 심평원 등이 참여하는 상설 실무협의체를 구성해 모든 급여 및 심사 관련 기준을 제정하거나 개선하는 업무를 부여하자는 것이다. 또 의협은 진료비 심사의 공정성과 투명성을 제고하고 심사자의",의료계 | 안창욱 | 2018-07-05 06:34
http://www.mediwelfare.com/news/articleView.html?idxno=503,,"병협, 호주 우수 의료기관 탐방 연수","대한병원협회(회장 임영진)는 오는 10월 3일부터 6박 7일간 호주의 5개 의료기관을 견학하는 ‘2018 호주 우수 의료기관 탐방 연수’를 진행한다.호주의 선진 의료 시스템을 벤치마킹 하고 지역사회를 기반으로 한 노인의료체계와 급성기 의료기관을 탐방하기 위해 마련했다. 이번 해외연수에서는 시드니 및 뉴캐슬에서 뉴사우스웨일스 주정부 의료혁신처, 급성기 3차 의료기관인 존헌터병원, 아급성기 재활병원인 랜킨파크센터 병원, 그 밖에 노인간호 및 주거시설, 커뮤니티케어 전문기관 등 5개 의료기관을 돌아보는 시간을 갖는다. 비용은 1인 395",의료계 | 안창욱 | 2018-07-04 05:40
http://www.mediwelfare.com/news/articleView.html?idxno=502,http://www.mediwelfare.com/news/photo/201807/502_622_3722.jpg,"요양병원 암환자들, 김승희 의원에 분노","국회 보건복지위원회 김승희 의원이 요양병원에 입원한 신체기능저하군 환자들을 입원이 불필요한 '사회적 입원'으로 규정, 대책 마련을 촉구하자 암환자들이 발끈하고 나섰다. 암환자들이 요양병원에 입원해 전이, 재발에 맞서 사투를 벌이고 있는데 도와주지는 못할망정 왜 치료를 하지 못하게 방해하느냐는 것이다. 김승희(자유한국당) 의원은 3일 보도자료를 통해 심평원이 제출한 자료에 따르면 신체기능저하군에 해당하는 요양병원 입원환자가 2014년 4만 3439명에서 2017년 6만 3311명으로 크게 증가했고, 이는 전체 요양병원",의료계 | 안창욱 | 2018-07-03 13:45
http://www.mediwelfare.com/news/articleView.html?idxno=483,,사무장병원 총정리,"보건복지부가 사무장병원을 척결하기 위해 진입단계에서부터 운영단계, 퇴출단계 별 대응책을 마련하는 등 행정력을 총동원할 태세다. 하지만 사무장병원 역시 갈수록 지능화되고, 형태가 다양해 구별이 쉽지 않은 게 현실이다. [초점] 진화하는 사무장병원의료법 제33조 제2항에 따라 의료기관을 개설할 수 있는 것은 △의료인 중 간호사를 제외한 의사, 치과의사, 한의사 또는 조산사 △국가나 지방자치단체 △의료업을 목적으로 설립된 법인(의료법인) △민법이나 특별법에 따라 설립된 비영리법인 △건강보험공단과 같은 준정부기관, 지방의료원, 한국보훈복지",의료계 | 안창욱 | 2018-06-26 06:39
http://www.mediwelfare.com/news/articleView.html?idxno=481,,"""병원계 현안 적극 대응하겠다""","대한병원협회(회장 임영진)가 19개 상설(특별)위원회 위원 구성을 완료하고 병원계 현안에 적극 나선다. 전체 임원을 대상으로 희망하는 위원회 참여를 조사한 후 이를 바탕으로 위원을 구성해 참여율 제고가 기대된다. 병원협회는 6월21일 제3차 상임고문, 상임이사 및 시도병원회장 합동회의를 열고 노사협력이사에 이문형 경기도의료원 이천병원장 선임을 보고했다.임영진 회장은 “올해와 내년은 병원계에 있어서 터닝 포인트가 될 것 같다”며 “현안 하나하나 적극적으로 대응해 병원계 의견이 반영되도록 최선을 다하겠다”고 말했다. 보장성 강화에 따른",의료계 | 안창욱 | 2018-06-25 05:54
http://www.mediwelfare.com/news/articleView.html?idxno=473,http://www.mediwelfare.com/news/photo/201806/473_594_5543.jpg,유명무실한 연명의료 중단 '자기결정권',"서울대병원 허대석(내과) 교수가 사전연명의료의향서를 작성해두고도 연명의료 중단 '자기결정권'을 행사하지 못하는 사례를 소개하며, 제도 개선을 촉구하고 나섰다. 허대석 교수는 18일 자신의 페이스북에 '유명무실한 '자기결정권''이라는 주제의 글을 올려 큰 반향을 일으키고 있다. 허 교수가 소개한 환자 사례는 아래와 같다. 요양병원이 70대 후반의 할아버지를 기관지삽관 상태로 서울대병원 응급실에 이송했다. 당시 환자는 의식이 없었다. 10년 전 편도선암으로 수술과 방사선치료를 받고 큰 문제없이",의료계 | 안창욱 | 2018-06-19 06:59
http://www.mediwelfare.com/news/articleView.html?idxno=461,,"병협, 제2차 환자안전교육 개최","대한병원협회(회장 임영진)는 7월18일(수)부터 20일(금)까지 3일간 KT대전인재개발원에서 ‘2018년 제2차 환자안전교육(신규)’을 개최한다.환자안전법 시행에 따라 100병상 이상 종합병원과 200병상 이상 병원·치과병원·한방병원 및 요양병원은 환자안전 전담인력을 의무적으로 배치해야 하며, 이들 전담인력은 반드시 환자안전 교육을 정기적으로 받아야만 한다.보건복지부로부터 환자안전 활동에 관한 교육 업무를 위탁받아 진행하고 있는 병원협회는 지난 3월 1차 교육에 이어 이번에 2차 교육을 실시한다. 3차 교육은 12월로 예정되어 있다",의료계 | 안창욱 | 2018-06-12 11:33
http://www.mediwelfare.com/news/articleView.html?idxno=460,,제7기 병원준법지원인 양성과정 실시,"대한병원협회(회장 임영진)는 오는 9월부터 11주 동안 병원 및 유관단체 법무 담당자 등을 대상으로 한 ‘제7기 병원준법지원인 양성과정’을 실시한다.보건의료 관련 법률에 전문적인 소양을 갖춘 병원준법지원인을 양성하는 이번 과정은 병원경영자의 의사결정에 기초가 되는 법률적 검토 및 각 부서별로 발생할 수 있는 리스크 관리에 긍정적으로 기여하고, 의료소비자를 포함한 일반 국민들이 병원에 대한 신뢰감을 제고하는 것을 돕고자 마련됐다.지난 2012년 제1기 병원준법지원인 양성과정 교육개설 이후 지금까지 병원장 및 법무담당자와 주요보직자 등",의료계 | 안창욱 | 2018-06-12 10:36
http://www.mediwelfare.com/news/articleView.html?idxno=439,http://www.mediwelfare.com/news/photo/201805/439_557_1215.jpg,"""건보공단 수가협상 태도에 절망감""","“경영 한계에 다다른 병원들에게 원가보전을 위한 수가인상률마저 외면돼서는 안 된다.”대한병원협회(회장 임영진)는 30일 건보공단과의 수가 협상과 관련해 긴급대책위원회를 열고 대응전략을 논의했다.의사협회, 병원협회, 한의사협회, 약사회 등은 현재 건보공단과 2019년도 수가협상을 하고 있으며, 협상 시한은 31일이다. 의료공급자단체와 건보공단간 수가협상이 결렬되면 보건복지부 건강보험정책심의위원회가 내년도 수가를 결정하게 된다. 병협은 지난 28일 3차 수가협상에서 건강보험공단이 제시한 인상률에 당혹스럽다는 반응을 보였으며, 이런 협상",의료계 | 안창욱 | 2018-05-31 08:06
http://www.mediwelfare.com/news/articleView.html?idxno=437,http://www.mediwelfare.com/news/photo/201805/437_554_4152.jpg,의협 초강수 수가협상…건정심 탈퇴선언,"2019년도 수가 협상과 관련, 대한의사협회는 건강보험공단이 의료계를 기만하는 수가를 제시하고 있다며 이에 대한 1단계 항의의 표시로 보건복지부 건강보험정책심의위원회 탈퇴를 선언했다. 또 의협은 다음달 전국 의사 총파업 등을 논의하기 위한 온라인 비상총회를 소집할 방침이다. 대한의사협회 최대집 회장은 30일 내년도 수가 협상에 대한 긴급 기자회견을 열었다. 최 회장은 기자회견에서 “건보공단의 수가 제시안은 국민과 의료계를 기만하는 것으로 절대 인정할 수 없다”고 맹비난했다. 건보공단은 이날 오후 의협과 수가협상에서 비공개로 수가 인",의료계 | 안창욱 | 2018-05-30 17:39
http://www.mediwelfare.com/news/articleView.html?idxno=423,http://www.mediwelfare.com/news/photo/201805/423_534_3242.jpg,"""일회용기저귀 의료폐기물에서 제외""","대한병원협회(회장 임영진)가 요양병원에서 배출하는 일회용기저귀를 의료폐기물에게 제외해 달라고 환경부에 요청했다. 병원협회는 25일 의료폐기물 분류기준 재정비 등을 포함한 종합적인 제도 개선 건의서를 환경부에 전달했다고 밝혔다.병협은 건의서에 △요양병원 배출 일회용기저귀 의료폐기물 제외 △의료폐기물 분류기준 단순화 △소각처리업체 확대 △의료기관에 ‘자가멸균분쇄시설’ 설치 허용 △의료폐기물 보관기간 자율성 보장 △의료폐기물 지도·감독 개선 △의료폐기물 관련 교육 등을 담았다. 먼저 병협은 대한노인요양병원협회의 의견을 수용, 일반 노인환",의료계 | 안창욱 | 2018-05-25 10:23
http://www.mediwelfare.com/news/articleView.html?idxno=416,http://www.mediwelfare.com/news/photo/201805/416_524_2811.jpg,"""청와대에 의료개혁위원회 설치해 달라""","대한의사협회가 문재인케어 저지를 위한 2차 총궐기대회를 열었다. 대한의사협회는 20일 오후 1시 덕수궁 대한문 앞에서 문재인케어 저지 및 중환자 생명권 보호를 위한 제2차 전국의사 총궐기대회를 가졌다. 오는 25일 열릴 예정인 문재인케어 의정협상을 앞두고 열린 2차 궐기대회에는 약 5만명(주최측 추산, 경찰 추산 7000명)이 참석했다. 의협 최대집 회장은 “오늘 궐기대회는 문재인케어의 핵심인 비급여의 전면 급여화 절대 불가, 예비급여 철폐, 진료비 정상화, 불합리한 심사체계 개편 등 절대 타협할 수 없는 원칙을 관철시키겠다는 의사",의료계 | 안창욱 | 2018-05-21 06:23
http://www.mediwelfare.com/news/articleView.html?idxno=413,,"""의료인 정원 미충족 병원 인증취소 반대""","간호사 인력 수급 불균형 문제가 해결 기미조차 보이지 않고 있는 상태에서 의료인 정원을 충족하지 못할 경우 의료기관 인증을 취소할 수 있도록 하는 내용의 의료법 개정안이 제출되지 대한병원협회(회장 임영진)가 반대 의견을 개진했다. 국회 권은희 의원(바른미래당)이 대표발의한 의료법 개정안과 관련, 병협은 18일 “의료기관 인력기준 준수에 대한 관리·감독 강화와 정원 기준이 조정될 경우 인력 쏠림현상을 심화시켜 지방의 의료서비스 제공에 차질이 우려된다”며 “의료기관의 간호사 등 인력부족 문제 해결을 위해서는 먼저 인력수급 불균형 문제를",의료계 | 안창욱 | 2018-05-18 15:52
http://www.mediwelfare.com/news/articleView.html?idxno=411,http://www.mediwelfare.com/news/photo/201805/411_520_1417.jpg,커뮤니티케어 가속화…의료현장 찬밥,"한국형 커뮤니티케어를 시행하기 위한 사회적 논의가 본격화하고 있다. 그러나 요양병원이 커뮤니티케어와 밀접한 관련이 있음에도 전문위원회에 한명도 포함되지 않아 현장의 목소리가 제대로 반영되지 않을 수 있다는 우려가 나오고 있다. 보건복지부는 17일 국무총리가 주관하는 사회보장위원회 산하에 커뮤니티케어 전문위원회를 구성하고 18일 첫 회의를 개최한다고 밝혔다.사회보장위원회는 주요 시책을 심의·조정하기 위한 국무총리 소속 위원회로, 산하에 주요 심의사항을 전문적으로 검토하기 위한 실무위원회와 분야별 전문위원회를 두고 있다. 커뮤니티케어(",의료계 | 안창욱 | 2018-05-18 07:59
http://www.mediwelfare.com/news/articleView.html?idxno=401,,의협-복지부 의정대화 재개,최대집 대한의사협회 회장과 권덕철 보건복지부 차관은 11일 의정대화를 다시 시작하기 위한 만남을 가졌다.이번 만남은 최대집 회장이 새로 취임함에 따라 의정대화 등에 대해 정부와 의료계 간 논의를 위해 마련했다. 최대집 회장과 권덕철 차관은 이번 만남을 통해 정부와 의료계가 상호 신뢰를 바탕으로 의료 현안에 대한 논의를 지속해야한다는 원칙 아래 의정 간 논의를 다시 시작하기로 했다.,의료계 | 안창욱 | 2018-05-13 19:18
http://www.mediwelfare.com/news/articleView.html?idxno=386,,병원협회 임영진 회장 취임,"대한병원협회 제39대 임영진 회장이 3일 취임했다. 임영진 회장은 취임사를 통해 “섬김의 리더십으로 협업과 소통, 단합의 선봉에 서겠다”면서 “여러분과 함께 강력한 병협을 만들어 보겠다”고 다짐했다. 임 회장은 먼저 새 집행부의 구성에 대해 “가능한 모든 직능 단체에서 참여하는 인사, 업무의 연속성과 전문성과 화합 차원의 인사, 미래의 병협을 준비하기 위한 차세대 인재의 전면배치를 기조로 구성했다”고 설명했다. 이어 “최근의 화두인 화합, 화해, 포용, 신뢰를 마음속에 아로새기며 병원협회와 의료계가 당면한 절실하고 실제적인 과제가",의료계 | 안창욱 | 2018-05-03 14:31
http://www.mediwelfare.com/news/articleView.html?idxno=382,,"의협 최대집 회장 ""문케어 반드시 저지""",대한의사협회 최대집 회장은 2일 취임식에서 문재인케어를 반드시 저지하겠다고 밝혔다. 최대집 회장은 취임사를 통해 “의협 집행부는 단기간에 완수해야 할 막중한 임무를 띠고 있다”면서 “바로 문재인 케어 저지라는 임무”라고 단언했다. 그는 “현 정부는 그렇지 않아도 매우 취약한 건강보험제도에 비급여의 전면 급여화라는 졸속으로 설계된 거대 정책을 의사협회와 충분한 협의 없이 일방적으로 강행하고 있다”면서 “지속가능한 재정대책이 없기 때문에 환자들이 지금 겪고 있는 치료 횟수와 치료 선택권의 제한은 더욱 심해질 수밖에 없다”고 못 박았다.,의료계 | 안창욱 | 2018-05-02 11:24
http://www.mediwelfare.com/news/articleView.html?idxno=379,,병협 제39대 집행부 구성 완료,앞으로 2년간 대한병원협회를 이끌어갈 제39대 임영진 호의 부회장 및 주요 상설위원장 그리고 특별위원장과 부위원장 명단이 발표됐다.대한병원협회(회장 임영진)는 5월1일 50여 명의 부회장 및 위원장 그리고 부위원장 등 집행부 명단을 공개했다.이번 임원 구성은 특징은 회무의 연속상과 전문성을 고려해 주요 임원을 유임시킨 한편 많은 임원들이 회무에 참여하도록 했다는 데 특징이 있다.특히 젊은 병원장을 부위원장 직책에 대거 기용해 각 위원회의 업무 효율성을 높이고 미래의 병협을 이끌어갈 차세대를 대비한 형태의 인선이라고 할 수 있다.임영,의료계 | 안창욱 | 2018-05-02 05:54
http://www.mediwelfare.com/news/articleView.html?idxno=377,,"""문재인케어 중지, 원점에서 재검토""","전국 의사 대표자들은 문재인케어 시행을 중지하고, 원점에서 의료계와 재검토하라고 촉구하고 나섰다. 의협 인수위원회는 29일 전국 의사 대표자 대토론회를 열고 결의문을 채택했다. 의협 인수위는 결의문을 통해 “정부는 졸속으로 ‘문케어’를 강행할 경우 의료체계 근간이 무너질 것이라는 점을 명심하고 관련된 모든 정책의 시행을 즉각 중지하고 의료계와 함께 원점에서 재검토할 것을 강력히 촉구한다”고 밝혔다. 또 인수위는 “의료전문가의 경고와 조언을 무시한 ‘문케어’는 건강보험 재정확충 방안 등 현실적인 뒷받침 없이는 실현이 불가능하다”고 지",의료계 | 안창욱 | 2018-04-29 19:17
http://www.mediwelfare.com/news/articleView.html?idxno=373,http://www.mediwelfare.com/news/photo/201804/373_462_4758.jpg,"보건의료노조 ""의료기관인증제 혁신""","보건의료노조는 의료기관 인증제를 4가지 폐단(4Out) 중의 하나로 지목, 혁신방안을 마련하라고 정부에 요구하고 나섰다.보건의료노조(위원장 나순자)는 26일 임시대의원대회를 열어 2018년 산별중앙교섭 요구안과 투쟁 방침을 확정하고, 산별교섭과 노사정 사회적 대화를 추진하기로 결정했다.보건의료노조는 올해 산별중앙교섭 과정에서 환자가 안전한 병원, 노동이 존중받는 병원을 만들기 위해 네가지 폐단을 근절하는 게 필요하다고 밝혔다. 보건노조는 네가지 폐단의 하나로 눈속임 인증이라 지탄받고 있는 의료기관평가 인증제 혁신을 지목했다. 아울러",의료계 | 안창욱 | 2018-04-27 12:46
http://www.mediwelfare.com/news/articleView.html?idxno=370,,"""의사 나부랭이 ××들 발언한 공무원 파면""","의사협회 최대집 회장 당선인은 최근 보건복지부 손일룡 공공의료과장이 국립중앙의료원 정기현 원장에게 “의사 나부랭이 ××들”이라는 등의 망언을 한 것과 관련, 즉각적인 파면을 요구하고 나섰다. 손일룡 공공의료과장은 국립중앙의료원이 최근 병원에서 발생한 간호사 사망 사고에 대한 보고를 하지 않았다는 이유로 정기현 원장과 다수의 병원장 등과 함께 식사하는 자리에서 “정부를 무시하는 거냐”, “시골병원 출신”, “지방대 출신”, “의사 나부랭이 ××들” 등 온갖 무례한 망언을 늘어놓은 것으로 전해졌다. 급기야 정기현 국립중앙의료원 원장은",의료계 | 안창욱 | 2018-04-26 15:11
http://www.mediwelfare.com/news/articleView.html?idxno=362,,"병협, 미국 우수 병원 벤치마킹 해외연수","대한병원협회(회장 홍정용)는 산업혁명 4.0 시대를 맞이하여 급격히 변화하는 의료체계의 발전상과 선진기관의 혁신 Know-How를 벤치마킹하기 위해 미국 우수병원 탐방 해외연수를 전국 병원 및 의료기관 임직원을 대상으로 오는 6월24일(일)부터 7월1일(일)까지, 6박8일 일정으로 진행한다.이번 해외연수는 World Best 수준의 의료시설과 진료체계, 프로세스를 경험하기 위해 의료 선진국인 미국 지역의 세계 초우량 의료기관 및 글로벌 의료 기업에 대한 혁신 노하우를 벤치마킹해 실무적인 측면에서 새로운 선진 혁신기법을 배우고 최신",의료계 | 안창욱 | 2018-04-25 11:40
http://www.mediwelfare.com/news/articleView.html?idxno=351,,"""신임 최대집 회장 대정부 투쟁 지지""",대한의사협회 대의원들은 신임 최대집 회장 집행부의 현 의료 상황에 대한 위기의식과 그에 따른 대정부 투쟁에 아낌없는 지지와 협조를 다하겠다고 결의했다. 의협 대의원들은 22일 대의원총회 직후 결의문을 채택했다. 의협 대의원회는 “정부와 사법당국은 비상식적인 저수가로 인해 적자를 낼 수밖에 없는 중환자실 운영 시스템의 문제로 인해 발생한 이대목동병원의 신생아 사망사건 관련 의료인들을 무리하게 구속시켜 이 땅의 모든 의료인들을 잠재적 범죄자로 만들어 버렸다”고 비판했다. 이어 대의원회는 “문재인 케어는 현실적인 재정 확충의 뒷받침 없이,의료계 | 안창욱 | 2018-04-22 18:47
http://www.mediwelfare.com/news/articleView.html?idxno=348,,"병협 임영진 회장 당선인, 복지부장관 예방",보건복지부(장관 박능후)는 4월19일 제39대 대한병원협회 회장으로 당선된 임영진 당선자(현 경희대학교 의무부총장 겸 의료원장)가 박능후 장관을 예방하였다고 밝혔다.이 자리에서 대한병원협회 임영진 당선인과 박능후 장관은 병원계의 애로사항과 정책 제언 등 의료계 현안에 대하여 폭넓은 의견을 교환하였다.,의료계 | 안창욱 기자 | 2018-04-19 16:12
http://www.mediwelfare.com/news/articleView.html?idxno=345,,"국민 70% ""문케어 위해 보험료 인상 반대""","대한의사협회(회장 추무진) 의료정책연구소가 설문조사한 결과 문재인 케어를 위해 건강보험료를 추가로 더 내는 것에 대해 국민 10명 중 7명이 반대한다고 답했다. 의료정책연구소는 여론조사 전문기관인 글로벌리서치에 의뢰해 지난 1월 16일부터 2월 6일까지 22일간 전국 만 19세 이상 성인남녀 1,000명을 대상으로 설문조사(95% 신뢰수준에서 표본오차 ±3.1%)한 결과 이렇게 나왔다고 18일 밝혔다. 정부의 건강보험 보장성 확대방안 추진에 대한 평가문항에서는 긍정평가 비중이 부정평가와 판단보류 비중보다 낮았다. 정부가 건강보험 보",의료계 | 의료앤복지뉴스 | 2018-04-18 16:58
http://www.mediwelfare.com/news/articleView.html?idxno=332,,"의사협회, 27일 파업 잠정 유보","의사협회가 이달 27일 파업을 잠정 유보하고, 정부와 여당에 대해 대화의 장에 나오라고 촉구했다. 대한의사협회장 최대집 당선인과 전국 16개시도의사회장단은 14일 회의를 열어 문재인케어 대응 방안과 투쟁계획을 확정했다.최대집 당선인은 “4월 27일은 남북 정상회담이라는 국가적으로 중차대한 날이라는 점에서 파업을 일단 유보하고 정부와의 대화 제의가 무시되거나 진정성 있는 논의가 없을 때 다시 파업하기로 결정했다”고 밝혔다. 또 최대집 의사협회 회장 당선인과 16개 시도의사회장단은 “무엇이 국민 건강을 위한 것인지를 논의하기 위해 정부",의료계 | 안창욱 기자 | 2018-04-15 20:11
http://www.mediwelfare.com/news/articleView.html?idxno=330,,제39대 병원협회 회장 임영진 당선,"경희대 임영진 의무부총장 겸 의료원장이 제39대 대한병원협회 회장에 당선됐다. 임영진 의무부총장은 13일 대한병원협회 제59차 정기총회에서 2명이 입후보한 가운데 지역별·직능별 단체 39명의 임원선출위원이 실시한 투표 결과 과반수 이상의 지지를 받아 제39대 대한병원협회 회장으로 선출됐다.임 당선인은 “회장의 역할은 먼저 다가가고, 먼저 행동하고, 먼저 희생하는 것”이라며 “단합된, 강력한, 준비된 그리고 친근한 병협이 되어 병원협회와 의료계가 당면한 절실하고 실제적인 과제가 무엇인지 헤아리고 사안들을 해결해 가겠다”는 당선 소감과",의료계 | 안창욱 기자 | 2018-04-14 07:05
http://www.mediwelfare.com/news/articleView.html?idxno=315,,"""목동병원 의료진 구속은 의료 사망선고""",최대집 의사협회 회장 당선인은 “이대목동병원 의료진에 대한 사법부의 구속 결정은 한국 의료에 대한 사망선고”라고 비판했다. 대한의사협회 최대집 회장 당선자와 16개 시도의사회장단 등 300여명은 8일 광화문에서 이대목동병원 구속 사태 관련 긴급 규탄집회를 열었다. 최대집 회장 당선인은 “신생아 중환자실은 24시간 긴장과 위험이 존재하는 말 그대로 생과 사를 넘나드는 의료현장이라는 전쟁터의 최일선인 곳”이라고 환기시켰다. 최 당선인은 “의료인이 범법자가 될 수 있다는 두려움 없이 환자진료에 최선을 다할 수 있도록 의료사고특례법을 제정,의료계 | 안창욱 기자 | 2018-04-08 18:52
http://www.mediwelfare.com/news/articleView.html?idxno=310,http://www.mediwelfare.com/news/photo/201804/310_383_1048.jpg,"""이대목동 공범은 면피, 의료진만 구속""","법원이 이대목동병원 신생아 사망 사건에 연루된 의료진 3명에 대해 구속 영장을 발부하자 의료계가 강하게 반발하고 있다. 서울남부지법 이환승 영장전담 부장판사는 4일 오전 신생아 중환자실 조모 교수와 박모 교수, 수간호사에 대해 영장실질심사를 거쳐 증거인멸 우려가 있다며 구속영장을 발부했다.이에 대해 대한의대교수협의회는 성명서를 통해 “법원이 구속영장을 발부한 게 향후 의료에 어떤 영향을 미칠지 심각하게 고민하고 있다”고 환기시켰다. 의대교수협의회는 “이번 신생아 사망 사건은 대한민국의 어려운 의료환경 속에서 묵묵히 진료해오던 의료진",의료계 | 안창욱 기자 | 2018-04-04 13:07
http://www.mediwelfare.com/news/articleView.html?idxno=304,http://www.mediwelfare.com/news/photo/201804/304_376_5432.jpg,"""이대목동병원 교수 구속영장 기각하라""","이대목동병원 신생아중환자실 의료진들에 대한 영장실질심사와 관련해 대한의사협회 최대집 회장 당선인 등 일행이 3일 오전 서울남부지방법원 앞에서 규탄 시위에 나섰다. 최 당선인은 “이대목동병원 교수들에 대한 구속영장 청구는 죄형법정주의 대원칙과 법률명확성 원칙을 무시한 처사”라며 의료진에 대한 마녀사냥을 멈추라고 촉구했다. 최 당선인은 “선의에 기반한 의료행위를 구속으로 책임 전가하려는 검찰과 경찰을 강력 규탄하고 대한민국 의사와 의료를 말살하는 행위를 좌시하지 않겠다”고 밝혔다.이날 법원 앞 시위에는 소아청소년과의사회 임현택 회장,",의료계 | 안창욱 기자 | 2018-04-03 10:54
http://www.mediwelfare.com/news/articleView.html?idxno=294,,"""이대목동병원 교수 2명 구속영장 청구 부당""","제40대 대한의사협회 최대집 회장 당선인은 이대목동병원 교수 2명에 대한 구속영장 청구가 천부당만부당하다고 비난했다. 최대집 의협 회장 당선인은 1일 성명서를 통해 “이대 목동병원 소아청소년과 교수 2명에게 모든 책임을 전가하고 희생양 삼으려는 행태에 대한민국 의사들은 형언할 수 없는 분노와 좌절을 느낀다”고 비판하고 나섰다.그러면서 최 당선인은 “이 사태의 진범은 따로 있다”면서 “열악하기 짝이 없는 의료환경, 불합리한 의료제도를 그대로 둔 채 오로지 의료인들의 열정페이로만 간신히 의료현장을 굴러가게 만든 바로 정부 당국”이라고",의료계 | 안창욱 기자 | 2018-04-01 19:28
http://www.mediwelfare.com/news/articleView.html?idxno=281,http://www.mediwelfare.com/news/photo/201803/281_349_643.png,"의협 회장 최대집 당선…""문케어 저지""","대한의사협회 제40대 회장에 의협 비상대책위원회 투쟁위원장인 최대집 후보(45)가 당선됐다. 의협 중앙선거관리위원회는 23일 제40대 의협 회장 선거 개표 결과 기호 3번 최대집 후보가 총 투표수 2만 1538표(무효표 9표 제외) 중 29.7%인 6392표를 얻어 회장에 당선됐다고 발표했다. 최 당선인은 오는 5월 1일부터 2021년 4월 30일까지 3년 동안 의협회장직을 수행하게 된다. 2위는 4416표(20.5%)를 얻은 기호 5번 김숙희 후보, 3위는 3008표(15%)를 받은 임수흠 후보였다. 4위 이용민 후보는 2965표",의료계 | 안창욱 기자 | 2018-03-24 08:03
http://www.mediwelfare.com/news/articleView.html?idxno=268,,전국 의사 대표자 1500명 궐기대회,"대한의사협회 국민건강수호 비상대책위원회는 18일 약 1500명의 의사들이 참석한 가운데 제1차 전국 의사 대표자 대회를 열었다. 이날 의협 비상대책위원회 이필수 위원장은 “증세 없는 복지는 허구”라면서 “보험 재정의 확충 없이 보장률을 올리겠다는 것은 국가가 진료량을 줄이고, 통제하겠다는 말 그 이상도 이하도 아니다”고 비판했다. 또 이필수 위원장은 “증폭되는 의료계의 정부에 대한 불신은 정부가 자초한 것이며, 모든 책임은 정부에 있음을 대통령께 분명하게 말씀드립니다”면서 “보건복지부는 문재인케어에 대한 총론을 협상하는 과정에서 기",의료계 | 의료앤복지뉴스 | 2018-03-19 07:09
http://www.mediwelfare.com/news/articleView.html?idxno=251,,"""신생아 중환자실 인력기준 강화""","의사협회는 이대 목동병원 신생아 사망사건과 관련, 신생아 중환자를 비롯해 중증 입원환자들을 전담할 상주 전문 간호 인력기준을 현 수준보다 강화해야 한다고 주문했다. 의협은 8일 이런 내용을 담은 이대목동병원 신생아 사망사건 개선방안을 제안했다. 최근 국립과학수사연구원은 이대목동병원 신생아중환자실에서 발생한 신생아 사망의 원인이 시트로박터 프룬디균 감염으로 인한 패혈증이라고 부검결과를 발표한 바 있다. 이와 관련 의협은 “현재와 같은 간호 인력 기준으로는 과도한 업무로 인한 의료관련 감염의 발생을 피할 수 없으며 일정 경력 이상의 우",의료계 | 안창욱 기자 | 2018-03-08 13:33
http://www.mediwelfare.com/news/articleView.html?idxno=250,,"병협, 제39대 회장선거 선거관리단 구성","대한병원협회는 8일 제29차 상임이사회를 개최하고 제39대 회장선거 선거관리단을 구성하는 한편 위촉장을 수여했다.또 정기석 한림대의료원장을 신임 상임이사로 임명하고 ‘의료질 평가 지표개선 특별위원회’ 이혜란 위원장에게 위촉장을 수여했다.제39대 회장선거 선거관리단은 노성일‧김권배 감사와 박용주 상근부회장 및 김승열 사무총장 등 4인으로 구성됐다.의료질 평가 지표개선 특별위원회는 이혜란 협회 부회장이 위원장을 맡고 대학병원계 4인, 중소병원계 4인, 전문병원계 1인 등 총 10명으로 구성됐다.이사회에서는 또 2018년 사업계획으로 ‘",의료계 | 의료앤복지뉴스 | 2018-03-08 13:19
http://www.mediwelfare.com/news/articleView.html?idxno=241,,"""목동병원 신생아실 교수 입건 우려""","의사협회는 이대목동병원 신생아 사망사건과 관련, 경찰이 신생아 중환자실 교수 2명을 추가로 입건하기로 하자 신생아 중환자실의 진료위축을 심화시키고, 의료인력 공백사태를 초래할 것이라고 경고했다. 의협은 5일 이대목동병원 교수 추가 입건에 대한 입장을 표명했다.의협은 “고령산모가 늘어나며 신생아를 위한 의료 인력과 인프라 공급의 필요성이 더욱 늘어나는 상황임에도 관련 의료진 입건으로 중증 환자를 진료하는 상급의료기관의 신생아중환자실 의료인력 확보에 어려움을 겪고 있다”고 환기시켰다. 이어 의협은 “이러한 실정에서 이번 추가입건은 그",의료계 | 안창욱 기자 | 2018-03-06 06:32
http://www.mediwelfare.com/news/articleView.html?idxno=238,http://www.mediwelfare.com/news/photo/201803/238_267_3439.jpg,요양병원 의사 직업만족도는 3.3점,"의사들의 직업, 소득 등에 대한 만족도가 비교적 낮았고, 근무기관에 따라서도 차이가 있는 것으로 조사됐다. 의료&복지뉴스는 최근 대한의사협회 의료정책연구소가 발간한 ‘2016 전국의사조사’ 결과 보고서를 분석했다. 의협 의료정책연구소는 2016년 11월 21일부터 2017년 1월 8일까지 협회 창립 이후 처음으로 회원 DB 10만 8870명 중 개인정보 비공개 신청자를 제외한 7만 7997명을 대상으로 설문조사를 위한 이메일을 발송했다. 설문조사에 응한 의사들의 근무기관은 의원 3691명, 병원 704명, 종합병원 1768명, 상급",의료계 | 안창욱 기자 | 2018-03-05 12:29
http://www.mediwelfare.com/news/articleView.html?idxno=231,,의료 해외진출 지원 규모 확대된다,"보건복지부(장관 박능후)와 한국보건산업진흥원(원장 이영찬)은 올해 한국 의료의 해외진출 프로젝트 지원사업의 지원 규모를 확대 시행하기로 하고, 지원사업과 관련된 설명회를 개최한다.진흥원은 의료 해외진출 프로젝트 참여기관 모집 및 관련 사업 안내를 위해 3월 7일(수) 오후 2시부터 대한상공회의소에서 ‘2018년 의료 해외진출 지원사업 설명회’를 개최한다고 밝혔다.이번 설명회에서는 2018년도 의료 해외진출 프로젝트 지원사업의 신청자격 및 지원 범위 등 사업 참여에 필요한 전반적인 사항에 대한 소개와 함께 사업의 효율적 운영을 위해",의료계 | 안창욱 기자 | 2018-03-02 10:28
http://www.mediwelfare.com/news/articleView.html?idxno=230,http://www.mediwelfare.com/news/photo/201803/230_246_5744.jpg,의사들의 가장 큰 불만은 '법과 심평의학',"의사들은 법과 공단, 심평원 등의 규제에 대한 직무만족도가 매우 낮은 것으로 조사됐다. 대한의사협회 의료정책연구소는 1일 ‘2016 전국의사조사’ 결과 보고서를 공개했다. 의협 의료정책연구소는 2016년 11월 21일부터 2017년 1월 8일까지 협회 창립 이후 처음으로 회원 DB 10만 8870명 중 개인정보 비공개 신청자를 제외한 7만 7997명을 대상으로 설문조사를 위한 이메일을 발송했다. 그 중 최종 응답자는 8564명이었다. 전체 응답자 8564명의 직역별 구성 비율은 개원의 39.1%, 봉직의 34.1%, 교수 16%,",의료계 | 안창욱 기자 | 2018-03-02 06:54
